Temperature,Humidity,Moisture,Soil_Type,Crop_Type,Nitrogen,Phosphorus,Potassium,Fertilizer
40,74,24,Loamy,Sugarcane,47,59,54,20-20
22,64,57,Clayey,Pulses,55,51,41,20-20
21,71,50,Red,Wheat,20,31,32,Urea
21,58,63,Red,Wheat,40,57,37,14-35-14
39,51,29,Sandy,Pulses,49,32,10,MOP
32,30,23,Clayey,Maize,39,38,31,28-28
33,65,84,Clayey,Paddy,49,56,30,20-20
26,39,26,Red,Wheat,54,13,45,DAP
24,68,52,Clayey,Wheat,24,75,35,14-35-14
30,82,73,Loamy,Maize,37,43,74,10-26-26
22,79,28,Black,Sugarcane,28,34,56,10-26-26
32,31,23,Sandy,Paddy,30,66,40,14-35-14
19,40,46,Clayey,Pulses,48,17,33,DAP
27,70,28,Red,Sugarcane,43,31,31,28-28
37,34,38,Red,Wheat,36,42,60,10-26-26
22,34,84,Red,Wheat,32,44,12,MOP
23,69,47,Clayey,Maize,55,11,34,DAP
24,51,21,Loamy,Paddy,35,48,76,10-26-26
25,32,26,Clayey,Pulses,15,27,23,Urea
22,44,44,Clayey,Paddy,34,32,28,28-28
33,79,77,Loamy,Wheat,27,62,25,14-35-14
25,70,76,Red,Sugarcane,38,20,36,DAP
35,71,36,Clayey,Cotton,53,16,48,DAP
33,49,32,Clayey,Maize,33,30,41,20-20
27,81,34,Sandy,Paddy,23,78,29,14-35-14
28,61,30,Clayey,Maize,36,37,35,28-28
36,36,79,Clayey,Pulses,47,37,52,20-20
24,75,84,Sandy,Pulses,28,41,59,10-26-26
20,78,44,Loamy,Cotton,56,33,37,20-20
20,73,64,Clayey,Cotton,46,18,49,DAP
22,66,69,Red,Maize,15,34,30,Urea
36,31,78,Black,Pulses,35,55,36,14-35-14
27,66,70,Loamy,Maize,38,63,37,14-35-14
25,85,44,Sandy,Sugarcane,38,47,52,20-20
29,66,47,Sandy,Maize,19,22,32,Urea
29,78,82,Black,Maize,34,76,26,14-35-14
35,30,74,Red,Sugarcane,31,15,37,DAP
23,79,77,Loamy,Cotton,26,74,29,14-35-14
37,73,62,Sandy,Pulses,36,47,38,20-20
32,58,36,Black,Wheat,23,27,24,Urea
24,56,70,Clayey,Paddy,34,80,36,14-35-14
40,49,26,Sandy,Maize,19,30,32,Urea
32,74,55,Black,Pulses,46,20,34,DAP
20,63,70,Clayey,Sugarcane,33,38,18,MOP
23,72,20,Red,Pulses,31,60,39,14-35-14
40,34,62,Black,Cotton,60,17,38,DAP
28,45,53,Clayey,Sugarcane,38,17,42,DAP
18,65,64,Red,Maize,23,59,31,14-35-14
36,42,66,Loamy,Sugarcane,57,41,20,MOP
33,39,26,Sandy,Wheat,42,12,33,DAP
27,35,78,Sandy,Cotton,57,16,44,DAP
23,32,46,Black,Maize,38,36,77,10-26-26
26,67,37,Clayey,Sugarcane,39,26,35,28-28
27,67,82,Clayey,Paddy,29,42,75,10-26-26
33,34,65,Sandy,Pulses,40,65,38,14-35-14
23,57,59,Red,Wheat,35,57,29,14-35-14
24,74,49,Clayey,Pulses,10,38,25,Urea
20,62,49,Loamy,Paddy,55,47,10,MOP
18,35,32,Black,Sugarcane,28,35,64,10-26-26
25,38,80,Red,Wheat,26,43,40,28-28
40,72,56,Black,Cotton,42,34,38,28-28
26,71,40,Red,Maize,53,44,30,20-20
20,44,49,Red,Paddy,21,39,60,10-26-26
25,44,83,Red,Maize,37,31,12,MOP
38,82,34,Sandy,Paddy,40,37,40,28-28
36,65,31,Black,Wheat,52,19,45,DAP
22,33,26,Red,Wheat,54,53,56,20-20
29,72,56,Black,Cotton,27,45,38,28-28
34,83,38,Sandy,Wheat,45,36,17,MOP
19,72,54,Red,Paddy,22,39,23,Urea
34,65,42,Black,Pulses,19,27,36,Urea
38,36,49,Sandy,Wheat,55,17,31,DAP
20,75,71,Black,Sugarcane,57,17,35,DAP
32,81,45,Loamy,Pulses,54,18,41,DAP
25,36,39,Sandy,Pulses,16,29,39,Urea
28,75,64,Red,Wheat,28,44,77,10-26-26
30,48,51,Clayey,Paddy,10,22,21,Urea
36,82,54,Red,Pulses,56,14,30,DAP
40,79,34,Sandy,Paddy,31,36,38,28-28
23,60,54,Red,Wheat,33,57,22,14-35-14
30,83,54,Red,Maize,10,22,39,Urea
33,80,24,Black,Sugarcane,15,29,40,Urea
18,37,76,Loamy,Cotton,52,44,10,MOP
18,41,49,Black,Maize,35,43,35,20-20
28,60,50,Red,Wheat,40,42,61,10-26-26
20,42,42,Black,Sugarcane,21,43,70,10-26-26
40,43,39,Loamy,Wheat,29,44,65,10-26-26
30,74,66,Sandy,Paddy,38,69,22,14-35-14
27,35,65,Black,Wheat,49,19,35,DAP
21,73,37,Black,Cotton,39,79,30,14-35-14
38,32,80,Loamy,Wheat,56,14,45,DAP
29,40,53,Loamy,Wheat,10,34,26,Urea
37,75,75,Loamy,Wheat,23,27,35,Urea
24,52,66,Sandy,Sugarcane,36,11,48,DAP
18,38,45,Red,Maize,35,80,26,14-35-14
29,62,71,Clayey,Cotton,32,40,14,MOP
37,66,58,Sandy,Sugarcane,28,41,28,28-28
27,52,72,Clayey,Paddy,31,58,58,20-20
39,85,54,Clayey,Pulses,20,26,38,Urea
29,82,31,Sandy,Pulses,18,38,38,Urea
26,66,64,Loamy,Maize,41,10,38,DAP
24,68,60,Clayey,Wheat,18,22,35,Urea
26,82,48,Clayey,Cotton,28,64,22,14-35-14
29,50,34,Red,Pulses,57,12,34,DAP
30,35,27,Sandy,Paddy,34,50,11,MOP
27,32,85,Clayey,Pulses,19,24,22,Urea
38,70,79,Clayey,Pulses,41,48,48,20-20
38,46,41,Black,Maize,46,31,19,MOP
38,82,68,Loamy,Maize,35,31,72,10-26-26
23,53,53,Black,Wheat,39,41,33,28-28
29,54,55,Clayey,Maize,39,49,11,MOP
25,43,46,Sandy,Sugarcane,22,65,25,14-35-14
24,68,20,Loamy,Pulses,39,46,67,10-26-26
26,75,81,Loamy,Pulses,31,73,30,14-35-14
20,31,72,Black,Cotton,57,16,39,DAP
25,40,44,Clayey,Sugarcane,31,50,59,20-20
38,74,27,Sandy,Cotton,30,31,66,10-26-26
28,47,22,Black,Pulses,15,21,25,Urea
38,64,44,Sandy,Cotton,26,31,60,10-26-26
22,41,64,Red,Paddy,20,56,20,14-35-14
24,82,68,Clayey,Cotton,59,16,31,DAP
23,62,31,Sandy,Pulses,25,73,24,14-35-14
20,55,68,Sandy,Cotton,31,39,78,10-26-26
37,42,64,Sandy,Sugarcane,20,24,22,Urea
39,38,50,Sandy,Cotton,20,40,62,10-26-26
20,55,45,Red,Maize,43,10,46,DAP
32,47,77,Red,Pulses,31,34,42,28-28
40,41,27,Loamy,Cotton,34,42,43,28-28
27,30,30,Loamy,Maize,38,29,38,28-28
18,38,29,Black,Sugarcane,34,42,60,10-26-26
28,42,29,Sandy,Pulses,27,33,70,10-26-26
20,57,48,Clayey,Pulses,55,16,31,DAP
21,47,71,Loamy,Pulses,47,41,60,20-20
25,79,71,Black,Pulses,14,36,40,Urea
20,60,80,Sandy,Wheat,21,76,38,14-35-14
19,62,24,Red,Pulses,36,53,39,20-20
21,63,45,Loamy,Maize,32,15,39,DAP
22,75,79,Loamy,Paddy,17,25,27,Urea
34,45,52,Black,Wheat,39,25,39,28-28
18,63,37,Sandy,Cotton,32,11,32,DAP
34,69,64,Red,Pulses,49,19,44,DAP
25,58,21,Clayey,Pulses,26,32,80,10-26-26
39,47,57,Clayey,Pulses,58,36,17,MOP
39,37,72,Clayey,Paddy,30,42,19,MOP
20,84,66,Sandy,Sugarcane,50,48,55,20-20
24,76,45,Sandy,Pulses,41,50,33,20-20
39,38,53,Loamy,Maize,48,59,32,20-20
37,83,54,Sandy,Cotton,32,60,21,14-35-14
23,31,40,Clayey,Pulses,34,42,41,28-28
34,51,25,Sandy,Wheat,34,30,41,28-28
19,35,68,Red,Cotton,18,26,23,Urea
36,39,64,Loamy,Paddy,13,27,28,Urea
34,35,54,Loamy,Wheat,49,11,42,DAP
40,77,81,Black,Maize,30,38,59,10-26-26
40,33,21,Sandy,Cotton,12,23,37,Urea
23,44,35,Sandy,Pulses,31,13,31,DAP
34,60,79,Sandy,Paddy,36,33,39,28-28
20,66,81,Sandy,Pulses,45,27,42,28-28
31,68,70,Sandy,Pulses,35,55,27,14-35-14
39,59,61,Black,Pulses,31,34,71,10-26-26
24,57,30,Red,Paddy,14,25,22,Urea
32,49,64,Sandy,Wheat,21,38,69,10-26-26
39,67,47,Clayey,Sugarcane,26,74,30,14-35-14
33,37,53,Black,Sugarcane,43,41,14,MOP
38,81,52,Clayey,Paddy,38,62,29,14-35-14
34,85,63,Sandy,Wheat,45,46,13,MOP
36,47,24,Loamy,Wheat,50,17,46,DAP
20,69,84,Red,Wheat,24,30,33,Urea
23,51,53,Black,Maize,36,63,32,14-35-14
23,38,71,Sandy,Maize,57,55,48,20-20
21,56,58,Clayey,Pulses,52,31,15,MOP
37,52,28,Clayey,Maize,57,34,19,MOP
39,65,85,Clayey,Wheat,40,37,42,28-28
19,31,47,Clayey,Paddy,40,13,50,DAP
38,59,77,Clayey,Cotton,31,37,11,MOP
22,57,20,Red,Wheat,22,47,61,10-26-26
36,74,41,Red,Wheat,23,36,58,10-26-26
18,56,30,Clayey,Wheat,40,15,41,DAP
22,84,58,Loamy,Pulses,20,36,65,10-26-26
19,44,47,Red,Cotton,49,46,56,20-20
35,41,31,Red,Paddy,21,36,32,Urea
19,59,49,Loamy,Paddy,50,45,14,MOP
26,61,35,Loamy,Pulses,57,37,59,20-20
34,48,41,Red,Paddy,30,35,72,10-26-26
31,69,47,Red,Pulses,26,44,56,10-26-26
21,71,39,Loamy,Sugarcane,22,37,30,Urea
20,56,84,Sandy,Maize,33,27,33,28-28
31,70,61,Clayey,Maize,35,58,32,14-35-14
19,77,44,Black,Maize,47,34,18,MOP
22,82,44,Sandy,Pulses,43,12,46,DAP
18,41,67,Black,Wheat,19,40,24,Urea
21,75,33,Sandy,Wheat,38,32,77,10-26-26
32,71,56,Sandy,Sugarcane,30,37,11,MOP
40,37,57,Clayey,Paddy,37,15,31,DAP
36,34,84,Loamy,Paddy,45,13,37,DAP
24,37,83,Black,Paddy,31,67,21,14-35-14
34,69,72,Red,Cotton,34,48,61,10-26-26
31,81,84,Black,Paddy,22,30,73,10-26-26
34,35,33,Sandy,Cotton,42,38,26,28-28
27,35,82,Red,Paddy,32,39,36,28-28
38,44,72,Black,Maize,36,44,43,28-28
26,55,28,Red,Sugarcane,30,26,39,28-28
33,31,45,Loamy,Cotton,41,10,34,DAP
23,46,74,Clayey,Pulses,42,52,59,20-20
34,53,41,Black,Pulses,39,43,13,MOP
35,68,52,Sandy,Wheat,19,32,30,Urea
39,57,69,Black,Maize,50,34,58,20-20
31,41,65,Black,Pulses,28,70,27,14-35-14
35,52,45,Loamy,Cotton,39,31,31,28-28
28,40,65,Red,Cotton,13,21,27,Urea
26,59,50,Red,Pulses,35,49,53,20-20
19,73,76,Black,Paddy,17,36,39,Urea
22,39,41,Black,Maize,38,49,11,MOP
22,47,79,Clayey,Maize,37,37,59,10-26-26
27,35,48,Red,Cotton,26,49,80,10-26-26
39,71,47,Clayey,Cotton,34,10,41,DAP
38,57,43,Black,Sugarcane,24,39,60,10-26-26
21,62,50,Sandy,Paddy,50,40,12,MOP
40,38,49,Loamy,Paddy,15,21,39,Urea
22,61,67,Loamy,Pulses,32,35,65,10-26-26
29,55,54,Red,Sugarcane,52,39,15,MOP
35,30,44,Sandy,Pulses,38,31,27,28-28
19,85,42,Sandy,Cotton,12,31,27,Urea
38,66,24,Red,Paddy,10,20,20,Urea
21,68,21,Red,Wheat,50,32,13,MOP
27,38,48,Red,Paddy,40,44,33,28-28
33,57,61,Black,Cotton,26,35,76,10-26-26
18,79,80,Clayey,Pulses,25,36,68,10-26-26
23,40,80,Loamy,Sugarcane,53,12,47,DAP
24,38,83,Red,Sugarcane,22,21,38,Urea
35,41,84,Loamy,Wheat,33,32,15,MOP
25,52,51,Loamy,Paddy,34,61,20,14-35-14
35,46,63,Clayey,Cotton,39,76,38,14-35-14
33,65,81,Black,Cotton,34,49,71,10-26-26
37,30,34,Black,Pulses,48,39,55,20-20
27,80,64,Clayey,Maize,38,53,34,20-20
38,64,55,Clayey,Cotton,28,61,27,14-35-14
33,50,29,Loamy,Wheat,34,68,32,14-35-14
19,64,56,Clayey,Maize,35,10,48,DAP
33,38,43,Clayey,Maize,35,37,75,10-26-26
27,46,28,Black,Cotton,21,76,28,14-35-14
26,80,31,Clayey,Pulses,56,44,14,MOP
38,58,75,Black,Paddy,38,39,80,10-26-26
27,34,71,Black,Paddy,57,48,17,MOP
38,36,46,Clayey,Cotton,37,12,43,DAP
33,71,47,Red,Pulses,30,36,65,10-26-26
20,84,46,Black,Wheat,59,50,35,20-20
18,67,26,Clayey,Maize,59,19,44,DAP
40,37,36,Red,Wheat,40,57,39,14-35-14
34,64,54,Black,Pulses,23,56,31,14-35-14
18,47,45,Sandy,Maize,39,45,51,20-20
35,60,85,Loamy,Pulses,25,35,33,28-28
25,46,36,Red,Paddy,39,77,24,14-35-14
37,71,29,Black,Maize,41,56,54,20-20
40,73,30,Sandy,Paddy,38,70,40,14-35-14
26,66,67,Sandy,Cotton,39,30,34,28-28
34,83,66,Clayey,Cotton,58,16,42,DAP
33,59,66,Red,Paddy,37,56,21,14-35-14
34,46,60,Sandy,Maize,23,57,39,14-35-14
18,52,40,Loamy,Maize,39,59,33,14-35-14
38,85,58,Sandy,Sugarcane,15,36,23,Urea
36,41,66,Black,Sugarcane,48,10,42,DAP
40,75,22,Loamy,Wheat,45,12,31,DAP
37,79,44,Sandy,Pulses,23,56,32,14-35-14
26,62,29,Clayey,Wheat,47,43,54,20-20
21,42,28,Clayey,Cotton,39,44,33,28-28
28,71,51,Loamy,Paddy,47,46,11,MOP
39,53,69,Loamy,Paddy,13,31,24,Urea
19,79,75,Sandy,Maize,55,44,36,20-20
32,52,43,Loamy,Sugarcane,34,13,46,DAP
18,35,70,Clayey,Pulses,42,41,27,28-28
40,58,28,Clayey,Pulses,42,35,43,28-28
29,65,59,Sandy,Maize,36,42,26,28-28
23,66,44,Clayey,Wheat,37,32,32,20-20
19,57,33,Black,Maize,32,31,56,10-26-26
27,71,41,Black,Pulses,32,50,20,MOP
36,62,30,Clayey,Pulses,22,44,71,10-26-26
28,48,49,Clayey,Pulses,40,43,11,MOP
35,53,75,Loamy,Maize,36,72,32,14-35-14
38,65,50,Black,Wheat,50,12,38,DAP
35,48,59,Clayey,Paddy,38,50,14,MOP
24,40,32,Loamy,Cotton,39,73,29,14-35-14
32,69,66,Loamy,Cotton,43,39,34,20-20
34,45,33,Black,Wheat,26,41,44,28-28
22,42,76,Loamy,Maize,36,40,14,MOP
39,45,52,Loamy,Paddy,35,48,73,10-26-26
31,62,48,Black,Maize,41,41,32,28-28
34,42,80,Black,Maize,34,38,27,28-28
18,69,55,Clayey,Sugarcane,41,45,14,MOP
32,32,46,Black,Cotton,31,20,47,DAP
27,70,65,Clayey,Maize,41,50,18,MOP
37,35,43,Red,Paddy,40,38,16,MOP
18,75,47,Sandy,Wheat,39,60,58,20-20
21,82,21,Black,Pulses,42,32,11,MOP
23,69,51,Loamy,Maize,31,57,33,20-20
33,81,33,Red,Wheat,12,30,30,Urea
32,64,37,Red,Sugarcane,25,37,56,10-26-26
24,37,71,Red,Paddy,40,64,40,14-35-14
33,56,21,Loamy,Cotton,15,40,20,Urea
28,53,67,Red,Paddy,34,10,39,DAP
28,54,51,Red,Cotton,30,48,76,10-26-26
32,81,43,Black,Maize,58,48,57,20-20
30,78,50,Loamy,Paddy,27,57,25,14-35-14
18,73,84,Clayey,Wheat,31,44,60,20-20
28,54,65,Loamy,Sugarcane,51,36,51,20-20
40,64,24,Sandy,Sugarcane,35,75,34,14-35-14
27,40,45,Sandy,Maize,53,39,15,MOP
35,76,32,Clayey,Wheat,32,47,43,20-20
30,78,79,Red,Wheat,32,19,33,DAP
37,70,84,Red,Cotton,34,36,71,10-26-26
40,32,36,Clayey,Maize,34,61,28,14-35-14
38,47,30,Black,Pulses,28,80,37,14-35-14
27,69,45,Loamy,Paddy,13,24,24,Urea
25,70,38,Clayey,Maize,24,38,74,10-26-26
39,45,51,Red,Sugarcane,21,28,20,Urea
39,76,29,Red,Maize,12,21,24,Urea
25,73,54,Clayey,Sugarcane,11,35,26,Urea
31,75,52,Black,Wheat,34,41,19,MOP
32,52,56,Clayey,Cotton,29,27,43,28-28
34,33,59,Red,Sugarcane,58,39,11,MOP
35,77,30,Black,Cotton,35,34,43,20-20
35,62,68,Red,Pulses,37,55,28,14-35-14
25,51,80,Clayey,Cotton,33,31,62,10-26-26
36,73,44,Black,Paddy,50,39,13,MOP
34,40,76,Red,Wheat,10,24,37,Urea
29,72,50,Black,Paddy,26,63,21,14-35-14
26,60,48,Black,Cotton,27,42,69,10-26-26
32,70,80,Red,Wheat,50,18,50,DAP
31,45,66,Black,Cotton,39,61,35,14-35-14
37,73,59,Sandy,Wheat,30,17,50,DAP
39,84,27,Clayey,Wheat,57,32,11,MOP
29,56,70,Red,Paddy,28,27,31,28-28
21,58,59,Loamy,Maize,60,54,46,20-20
18,84,79,Loamy,Sugarcane,33,15,33,DAP
37,73,53,Loamy,Maize,28,33,30,28-28
37,79,25,Loamy,Paddy,34,72,39,14-35-14
31,42,46,Clayey,Cotton,54,20,47,DAP
18,42,77,Red,Maize,14,38,24,Urea
27,46,34,Black,Paddy,38,66,34,14-35-14
29,79,44,Black,Maize,49,15,39,DAP
21,71,43,Red,Maize,58,49,31,20-20
38,41,43,Loamy,Paddy,33,37,56,20-20
33,66,72,Black,Sugarcane,16,38,34,Urea
27,41,51,Red,Wheat,28,43,65,10-26-26
18,37,45,Sandy,Pulses,37,49,52,20-20
33,37,53,Black,Wheat,35,40,30,28-28
24,58,36,Loamy,Sugarcane,43,15,48,DAP
32,40,44,Red,Cotton,21,62,40,14-35-14
30,72,80,Clayey,Wheat,50,38,10,MOP
35,63,30,Sandy,Maize,34,26,36,28-28
19,81,20,Clayey,Pulses,54,17,42,DAP
26,70,72,Black,Paddy,36,40,20,MOP
40,76,76,Black,Wheat,31,27,45,28-28
34,66,54,Black,Sugarcane,25,42,45,28-28
30,74,28,Loamy,Maize,37,44,51,20-20
29,51,69,Sandy,Paddy,43,31,15,MOP
25,68,69,Red,Paddy,15,30,20,Urea
37,69,52,Red,Wheat,46,42,42,20-20
31,54,20,Black,Paddy,54,30,43,20-20
30,60,65,Sandy,Maize,39,33,19,MOP
22,69,45,Black,Cotton,51,16,44,DAP
33,66,85,Clayey,Paddy,36,12,50,DAP
40,70,77,Sandy,Paddy,24,26,23,Urea
23,56,82,Red,Wheat,38,30,31,28-28
23,66,51,Sandy,Maize,11,28,24,Urea
31,55,20,Red,Wheat,39,60,28,14-35-14
37,82,85,Loamy,Maize,18,32,31,Urea
31,52,34,Sandy,Pulses,40,44,69,10-26-26
23,66,30,Red,Maize,52,17,34,DAP
34,61,23,Sandy,Maize,32,34,60,10-26-26
32,55,34,Red,Wheat,38,43,76,10-26-26
32,61,61,Black,Paddy,24,22,35,Urea
36,77,78,Red,Maize,15,23,24,Urea
35,59,40,Red,Cotton,34,44,45,28-28
23,42,28,Black,Sugarcane,22,43,63,10-26-26
31,34,27,Red,Maize,33,42,17,MOP
30,46,76,Sandy,Maize,42,42,54,20-20
23,59,36,Clayey,Wheat,56,17,33,DAP
25,30,24,Black,Sugarcane,39,43,45,20-20
38,53,57,Red,Maize,33,70,34,14-35-14
35,53,60,Sandy,Paddy,28,34,42,28-28
35,57,67,Red,Cotton,16,22,37,Urea
27,40,83,Sandy,Cotton,40,41,38,28-28
39,30,49,Red,Pulses,56,13,41,DAP
40,48,55,Sandy,Wheat,40,35,19,MOP
26,31,20,Red,Maize,37,72,39,14-35-14
32,72,35,Sandy,Paddy,14,24,23,Urea
25,69,47,Black,Pulses,26,31,26,28-28
28,31,50,Red,Wheat,28,27,27,28-28
26,44,36,Sandy,Pulses,30,16,37,DAP
40,72,49,Red,Paddy,34,34,78,10-26-26
31,66,29,Clayey,Sugarcane,23,79,20,14-35-14
22,69,22,Black,Sugarcane,38,15,39,DAP
31,72,74,Sandy,Sugarcane,25,76,37,14-35-14
34,47,62,Sandy,Paddy,30,47,79,10-26-26
35,47,55,Clayey,Wheat,19,20,39,Urea
18,41,29,Sandy,Wheat,56,39,18,MOP
27,45,57,Loamy,Pulses,40,15,36,DAP
39,64,67,Black,Maize,45,20,36,DAP
38,43,68,Black,Sugarcane,18,39,28,Urea
31,39,74,Red,Maize,50,45,38,20-20
25,75,33,Sandy,Wheat,19,30,24,Urea
22,84,76,Black,Sugarcane,26,31,38,28-28
33,41,61,Clayey,Wheat,47,10,40,DAP
22,37,55,Red,Wheat,37,80,26,14-35-14
25,30,64,Clayey,Maize,52,16,46,DAP
28,57,27,Loamy,Sugarcane,39,46,10,MOP
33,82,83,Red,Wheat,32,77,34,14-35-14
34,33,41,Sandy,Cotton,58,45,11,MOP
35,55,68,Clayey,Maize,31,33,37,20-20
40,64,70,Black,Paddy,54,47,43,20-20
26,60,81,Red,Wheat,43,15,48,DAP
27,69,44,Clayey,Pulses,11,34,39,Urea
36,77,71,Red,Cotton,30,59,35,20-20
38,70,84,Clayey,Pulses,41,30,39,28-28
28,61,58,Red,Cotton,23,29,21,Urea
28,57,41,Sandy,Pulses,34,43,27,28-28
28,45,30,Sandy,Wheat,22,27,21,Urea
27,71,20,Red,Pulses,23,35,37,Urea
31,59,59,Red,Cotton,33,34,55,10-26-26
24,70,20,Clayey,Sugarcane,25,33,57,10-26-26
29,35,76,Black,Sugarcane,30,32,12,MOP
20,49,69,Clayey,Paddy,33,15,42,DAP
32,56,41,Red,Sugarcane,48,47,10,MOP
32,84,21,Black,Wheat,47,40,12,MOP
25,74,34,Red,Sugarcane,39,73,31,14-35-14
36,39,25,Clayey,Cotton,56,46,40,20-20
20,46,47,Loamy,Maize,44,11,44,DAP
24,42,67,Red,Cotton,23,36,65,10-26-26
40,64,29,Loamy,Pulses,40,30,47,20-20
24,56,71,Clayey,Paddy,25,35,21,Urea
35,70,27,Sandy,Pulses,40,33,37,20-20
24,48,85,Loamy,Pulses,26,36,27,28-28
39,69,24,Loamy,Wheat,34,19,30,DAP
28,55,85,Loamy,Sugarcane,32,51,57,20-20
18,65,46,Loamy,Cotton,29,44,45,28-28
22,77,61,Sandy,Pulses,32,31,80,10-26-26
38,56,39,Clayey,Wheat,60,31,37,20-20
34,56,35,Black,Maize,56,34,33,20-20
26,44,21,Sandy,Maize,32,31,80,10-26-26
20,40,45,Sandy,Wheat,26,47,80,10-26-26
35,73,21,Sandy,Paddy,31,38,80,10-26-26
34,49,75,Loamy,Sugarcane,20,71,34,14-35-14
40,52,30,Sandy,Wheat,20,30,70,10-26-26
27,42,38,Loamy,Sugarcane,32,13,43,DAP
19,78,37,Clayey,Maize,11,26,38,Urea
27,57,62,Red,Maize,33,34,40,28-28
32,55,39,Red,Paddy,38,34,80,10-26-26
40,52,78,Sandy,Maize,15,37,22,Urea
36,36,59,Black,Cotton,49,15,45,DAP
31,74,79,Sandy,Wheat,45,44,31,28-28
39,84,53,Sandy,Wheat,36,72,31,14-35-14
20,65,39,Red,Cotton,55,13,48,DAP
38,40,64,Black,Maize,22,24,34,Urea
18,56,82,Black,Paddy,39,45,79,10-26-26
29,62,25,Sandy,Pulses,40,38,70,10-26-26
22,63,50,Loamy,Pulses,31,60,24,14-35-14
35,78,21,Sandy,Maize,53,11,41,DAP
25,82,49,Red,Cotton,25,39,36,Urea
29,59,25,Red,Maize,49,38,13,MOP
30,31,68,Loamy,Wheat,41,39,16,MOP
31,60,36,Clayey,Paddy,54,46,11,MOP
29,44,58,Loamy,Sugarcane,60,57,48,20-20
30,65,51,Sandy,Wheat,37,30,25,28-28
32,67,81,Clayey,Paddy,59,19,48,DAP
30,46,82,Loamy,Paddy,38,58,55,20-20
35,65,65,Loamy,Paddy,38,60,58,20-20
19,73,71,Black,Pulses,54,40,58,20-20
23,44,39,Red,Paddy,13,40,34,Urea
25,50,53,Clayey,Paddy,36,29,44,28-28
28,76,31,Red,Sugarcane,39,46,10,MOP
23,71,85,Clayey,Sugarcane,56,12,49,DAP
37,56,51,Clayey,Pulses,26,70,22,14-35-14
34,31,30,Red,Pulses,51,15,48,DAP
29,32,72,Black,Cotton,20,72,29,14-35-14
36,63,74,Sandy,Pulses,51,35,12,MOP
36,52,34,Loamy,Maize,46,34,59,20-20
38,33,34,Red,Pulses,49,10,37,DAP
40,37,73,Clayey,Maize,40,38,67,10-26-26
29,84,80,Black,Maize,30,36,68,10-26-26
26,57,49,Red,Sugarcane,37,76,31,14-35-14
26,63,27,Black,Maize,20,45,64,10-26-26
18,31,30,Loamy,Sugarcane,58,20,34,DAP
30,70,37,Red,Maize,38,77,28,14-35-14
20,56,73,Black,Cotton,47,12,43,DAP
25,62,31,Black,Cotton,45,32,15,MOP
29,40,54,Black,Paddy,52,50,32,20-20
22,77,25,Loamy,Pulses,11,28,39,Urea
19,66,48,Clayey,Cotton,30,35,27,28-28
32,36,56,Black,Pulses,59,10,40,DAP
32,36,48,Black,Sugarcane,59,34,39,20-20
40,70,28,Clayey,Cotton,38,43,70,10-26-26
31,48,28,Black,Wheat,49,44,20,MOP
33,79,35,Sandy,Wheat,14,37,27,Urea
33,42,36,Loamy,Paddy,41,19,35,DAP
31,65,23,Clayey,Wheat,31,16,42,DAP
18,79,61,Black,Maize,52,32,13,MOP
40,78,26,Red,Wheat,30,13,39,DAP
35,59,27,Sandy,Pulses,34,72,37,14-35-14
35,65,49,Clayey,Cotton,38,57,20,14-35-14
34,57,50,Clayey,Cotton,14,34,36,Urea
34,67,80,Clayey,Wheat,43,16,32,DAP
30,40,28,Sandy,Cotton,38,32,25,28-28
34,85,37,Black,Wheat,34,11,35,DAP
26,72,26,Clayey,Cotton,54,14,38,DAP
29,71,29,Loamy,Paddy,44,10,44,DAP
26,69,59,Red,Pulses,44,20,45,DAP
19,63,41,Sandy,Pulses,24,31,36,Urea
19,61,84,Black,Maize,47,41,19,MOP
25,37,24,Black,Pulses,40,56,45,20-20
34,73,36,Black,Wheat,44,44,19,MOP
25,65,81,Sandy,Wheat,45,32,32,28-28
29,51,38,Sandy,Cotton,46,11,38,DAP
36,53,53,Loamy,Cotton,10,28,32,Urea
32,55,45,Loamy,Maize,37,47,60,10-26-26
22,72,68,Sandy,Maize,33,44,67,10-26-26
19,30,50,Loamy,Wheat,37,70,24,14-35-14
32,77,60,Loamy,Paddy,34,59,39,20-20
38,82,47,Sandy,Wheat,24,36,66,10-26-26
35,59,67,Black,Sugarcane,27,34,35,28-28
33,47,24,Black,Sugarcane,51,31,12,MOP
27,52,75,Loamy,Sugarcane,25,34,61,10-26-26
33,48,74,Sandy,Pulses,60,10,48,DAP
29,62,31,Clayey,Sugarcane,41,32,31,28-28
21,31,33,Loamy,Sugarcane,40,33,33,28-28
40,57,47,Red,Wheat,23,45,61,10-26-26
31,34,49,Loamy,Maize,31,33,44,28-28
31,84,83,Red,Sugarcane,33,47,55,10-26-26
18,74,64,Black,Sugarcane,40,33,15,MOP
38,70,28,Clayey,Wheat,48,43,18,MOP
21,73,39,Clayey,Cotton,38,56,41,20-20
28,32,54,Loamy,Sugarcane,39,51,43,20-20
38,63,70,Red,Maize,42,50,53,20-20
26,47,71,Red,Wheat,60,49,49,20-20
35,45,67,Sandy,Paddy,31,48,77,10-26-26
25,42,85,Sandy,Paddy,28,60,40,14-35-14
18,61,43,Black,Cotton,47,36,15,MOP
32,74,66,Black,Wheat,57,14,30,DAP
29,31,57,Loamy,Pulses,33,72,24,14-35-14
38,77,32,Loamy,Cotton,31,42,60,20-20
19,51,37,Sandy,Maize,47,33,18,MOP
21,84,77,Red,Cotton,21,56,30,14-35-14
28,41,47,Red,Maize,25,72,35,14-35-14
18,83,44,Sandy,Wheat,26,57,38,14-35-14
39,70,38,Black,Wheat,23,36,64,10-26-26
31,82,20,Red,Sugarcane,45,35,53,20-20
30,59,39,Red,Wheat,42,47,42,20-20
21,64,68,Loamy,Cotton,30,19,38,DAP
26,59,61,Clayey,Sugarcane,41,28,41,28-28
34,75,25,Sandy,Wheat,30,55,25,14-35-14
36,74,67,Loamy,Sugarcane,34,35,71,10-26-26
30,68,46,Clayey,Pulses,45,33,20,MOP
37,73,71,Loamy,Pulses,50,30,38,20-20
29,64,76,Loamy,Paddy,32,13,48,DAP
30,52,83,Red,Paddy,52,14,44,DAP
36,52,77,Clayey,Pulses,20,32,58,10-26-26
35,66,40,Loamy,Maize,21,37,23,Urea
27,69,46,Loamy,Paddy,36,62,21,14-35-14
24,77,52,Red,Cotton,44,27,28,28-28
38,66,59,Clayey,Wheat,32,28,33,28-28
20,53,67,Loamy,Maize,25,34,29,Urea
26,39,48,Red,Maize,21,60,40,14-35-14
29,74,29,Clayey,Paddy,17,32,38,Urea
27,42,78,Loamy,Cotton,30,64,25,14-35-14
35,59,58,Loamy,Cotton,53,18,40,DAP
31,84,58,Loamy,Pulses,34,33,11,MOP
32,62,30,Clayey,Sugarcane,11,25,25,Urea
21,35,71,Black,Sugarcane,42,20,38,DAP
39,62,58,Sandy,Cotton,51,45,36,20-20
35,50,54,Sandy,Pulses,30,16,49,DAP
28,85,84,Red,Wheat,24,29,34,Urea
37,68,67,Loamy,Pulses,10,38,24,Urea
37,49,65,Sandy,Wheat,40,54,57,20-20
18,43,49,Black,Sugarcane,30,32,16,MOP
28,60,24,Black,Wheat,43,51,44,20-20
18,63,57,Sandy,Maize,34,66,24,14-35-14
32,84,30,Loamy,Cotton,53,13,49,DAP
29,30,33,Sandy,Paddy,20,27,34,Urea
31,49,21,Black,Wheat,50,41,15,MOP
33,66,36,Black,Wheat,17,21,32,Urea
39,43,55,Clayey,Paddy,38,15,42,DAP
40,56,34,Loamy,Wheat,34,35,58,20-20
28,75,49,Sandy,Maize,39,63,29,14-35-14
28,71,43,Red,Sugarcane,42,18,47,DAP
24,77,41,Loamy,Pulses,39,77,35,14-35-14
39,53,58,Clayey,Sugarcane,26,78,29,14-35-14
34,42,54,Black,Cotton,37,18,36,DAP
18,81,40,Black,Cotton,36,30,30,28-28
20,42,56,Black,Sugarcane,43,31,29,28-28
29,60,20,Sandy,Pulses,31,69,39,14-35-14
22,69,30,Loamy,Paddy,37,58,27,14-35-14
40,55,61,Clayey,Cotton,57,35,14,MOP
22,58,54,Clayey,Wheat,57,49,51,20-20
22,72,71,Loamy,Pulses,27,74,40,14-35-14
40,81,60,Clayey,Pulses,53,17,39,DAP
24,42,45,Loamy,Paddy,23,42,77,10-26-26
23,36,38,Clayey,Maize,37,35,13,MOP
18,46,24,Black,Cotton,10,20,20,Urea
23,80,76,Red,Wheat,21,34,32,Urea
22,60,43,Sandy,Wheat,45,43,44,28-28
19,42,78,Sandy,Pulses,38,35,69,10-26-26
21,50,45,Clayey,Cotton,37,39,28,28-28
34,73,27,Red,Maize,39,36,59,10-26-26
36,84,43,Sandy,Sugarcane,24,48,62,10-26-26
32,82,77,Clayey,Paddy,48,35,12,MOP
39,43,28,Clayey,Paddy,21,32,25,Urea
22,40,23,Sandy,Maize,34,36,60,10-26-26
24,81,61,Black,Wheat,34,37,36,28-28
26,66,79,Sandy,Sugarcane,36,42,35,20-20
18,33,68,Black,Sugarcane,60,18,36,DAP
35,55,32,Loamy,Pulses,20,29,36,Urea
27,73,63,Sandy,Maize,40,10,46,DAP
38,38,80,Sandy,Pulses,24,39,79,10-26-26
18,63,60,Red,Maize,39,47,12,MOP
22,81,37,Black,Cotton,31,38,54,20-20
27,70,39,Sandy,Pulses,44,15,42,DAP
19,32,36,Sandy,Paddy,55,17,36,DAP
18,39,64,Clayey,Paddy,40,79,32,14-35-14
31,47,31,Clayey,Wheat,36,39,56,10-26-26
40,59,62,Red,Pulses,28,31,60,10-26-26
32,57,73,Loamy,Cotton,41,30,20,MOP
34,68,48,Clayey,Wheat,14,22,34,Urea
24,82,71,Black,Wheat,31,45,57,20-20
31,37,65,Loamy,Sugarcane,34,34,80,10-26-26
29,69,77,Black,Maize,32,45,80,10-26-26
32,37,41,Loamy,Sugarcane,27,36,32,28-28
36,56,52,Black,Pulses,48,14,35,DAP
34,32,53,Sandy,Wheat,34,38,19,MOP
18,77,67,Black,Wheat,24,43,63,10-26-26
35,80,56,Sandy,Sugarcane,49,18,46,DAP
31,37,83,Red,Maize,53,45,37,20-20
18,39,52,Sandy,Sugarcane,20,40,21,Urea
39,85,66,Loamy,Sugarcane,28,66,40,14-35-14
37,35,59,Loamy,Pulses,33,59,39,20-20
37,55,81,Red,Maize,39,73,24,14-35-14
37,51,75,Sandy,Cotton,28,55,20,14-35-14
21,57,42,Sandy,Pulses,40,54,60,20-20
26,30,53,Clayey,Paddy,55,18,40,DAP
24,55,39,Clayey,Paddy,57,50,19,MOP
19,77,35,Red,Cotton,34,27,32,28-28
19,59,31,Sandy,Maize,31,40,70,10-26-26
20,54,33,Black,Sugarcane,28,37,29,28-28
35,62,49,Clayey,Wheat,35,39,13,MOP
31,48,26,Red,Paddy,25,47,62,10-26-26
34,35,20,Clayey,Maize,12,22,24,Urea
29,32,76,Black,Cotton,42,41,41,20-20
35,81,39,Clayey,Sugarcane,25,36,37,Urea
27,76,48,Clayey,Sugarcane,26,55,40,14-35-14
24,79,52,Black,Sugarcane,12,21,38,Urea
28,79,80,Clayey,Paddy,40,32,38,20-20
25,33,35,Black,Paddy,49,50,14,MOP
19,69,24,Clayey,Pulses,24,41,70,10-26-26
20,65,48,Red,Maize,16,26,23,Urea
21,54,55,Sandy,Maize,50,49,20,MOP
26,38,37,Clayey,Wheat,41,14,44,DAP
28,74,21,Black,Cotton,35,32,26,28-28
34,39,50,Sandy,Cotton,34,77,33,14-35-14
30,51,66,Red,Pulses,40,67,23,14-35-14
27,42,32,Black,Sugarcane,44,47,20,MOP
39,64,40,Loamy,Sugarcane,39,44,34,28-28
40,37,52,Red,Maize,34,38,51,20-20
21,30,54,Red,Sugarcane,38,37,33,28-28
20,30,21,Clayey,Cotton,29,43,33,28-28
25,74,22,Clayey,Cotton,28,74,21,14-35-14
28,77,73,Sandy,Wheat,49,34,13,MOP
31,51,52,Sandy,Sugarcane,20,33,29,Urea
31,49,42,Black,Wheat,49,43,47,20-20
24,30,67,Black,Cotton,35,33,65,10-26-26
18,34,81,Black,Cotton,36,68,20,14-35-14
20,45,40,Sandy,Sugarcane,37,41,62,10-26-26
19,64,73,Clayey,Paddy,46,16,31,DAP
34,69,32,Red,Maize,50,41,37,20-20
38,85,68,Loamy,Maize,36,19,38,DAP
24,80,61,Sandy,Cotton,26,55,25,14-35-14
22,73,75,Red,Pulses,48,59,36,20-20
19,77,80,Clayey,Sugarcane,40,33,30,28-28
33,52,67,Black,Maize,59,48,44,20-20
23,67,23,Black,Sugarcane,58,47,17,MOP
28,47,67,Black,Paddy,25,37,75,10-26-26
21,39,53,Red,Paddy,58,13,45,DAP
35,76,28,Sandy,Wheat,40,57,24,14-35-14
19,78,85,Clayey,Pulses,48,16,35,DAP
35,43,84,Red,Wheat,29,43,41,28-28
27,47,83,Loamy,Wheat,26,46,58,10-26-26
38,31,52,Loamy,Paddy,30,60,38,14-35-14
31,82,61,Sandy,Cotton,21,56,36,14-35-14
38,83,34,Black,Wheat,32,12,42,DAP
28,68,38,Sandy,Sugarcane,21,24,39,Urea
30,39,75,Loamy,Wheat,28,32,36,28-28
28,81,22,Loamy,Wheat,40,48,54,20-20
26,69,22,Loamy,Paddy,27,55,38,14-35-14
33,67,28,Clayey,Sugarcane,28,49,77,10-26-26
30,50,48,Sandy,Pulses,28,29,32,28-28
30,44,40,Sandy,Cotton,30,48,59,20-20
35,44,38,Sandy,Maize,24,22,37,Urea
27,33,69,Sandy,Wheat,39,36,16,MOP
29,31,74,Red,Sugarcane,36,79,38,14-35-14
30,83,35,Sandy,Wheat,26,35,43,28-28
30,78,79,Loamy,Sugarcane,57,34,19,MOP
36,35,79,Red,Paddy,52,57,46,20-20
29,74,34,Loamy,Cotton,37,32,57,20-20
37,55,85,Black,Sugarcane,42,19,50,DAP
28,77,52,Sandy,Sugarcane,43,10,30,DAP
24,70,47,Red,Pulses,24,34,79,10-26-26
34,83,69,Clayey,Maize,51,39,15,MOP
20,64,43,Clayey,Cotton,32,65,20,14-35-14
35,58,44,Loamy,Wheat,30,69,27,14-35-14
31,73,34,Red,Wheat,40,47,50,20-20
26,80,37,Loamy,Pulses,40,57,25,14-35-14
29,50,72,Clayey,Cotton,22,77,36,14-35-14
19,85,30,Sandy,Maize,31,27,39,28-28
30,70,46,Black,Sugarcane,18,27,36,Urea
29,61,33,Sandy,Sugarcane,31,59,51,20-20
39,51,52,Red,Cotton,12,27,22,Urea
33,59,62,Sandy,Pulses,35,37,77,10-26-26
35,70,85,Red,Cotton,41,37,45,28-28
26,51,52,Clayey,Maize,57,39,14,MOP
34,85,70,Red,Pulses,50,16,30,DAP
36,62,24,Sandy,Paddy,32,50,50,20-20
28,43,72,Black,Pulses,33,51,47,20-20
34,67,22,Red,Wheat,21,36,57,10-26-26
33,84,66,Black,Maize,35,79,22,14-35-14
23,73,33,Clayey,Pulses,28,48,78,10-26-26
30,56,77,Clayey,Pulses,47,33,33,20-20
23,50,39,Clayey,Pulses,33,68,32,14-35-14
26,70,40,Clayey,Wheat,45,60,59,20-20
33,64,72,Black,Maize,13,39,34,Urea
39,58,58,Loamy,Maize,25,66,39,14-35-14
28,34,21,Clayey,Sugarcane,33,73,23,14-35-14
18,55,40,Red,Wheat,48,31,46,20-20
34,51,64,Loamy,Paddy,52,30,18,MOP
34,78,31,Loamy,Paddy,57,43,20,MOP
26,55,59,Sandy,Wheat,56,39,51,20-20
26,68,85,Sandy,Pulses,59,40,58,20-20
20,79,55,Loamy,Wheat,40,36,72,10-26-26
36,77,83,Clayey,Paddy,33,44,34,28-28
21,81,53,Sandy,Wheat,29,49,71,10-26-26
24,58,50,Black,Sugarcane,36,11,36,DAP
24,72,68,Red,Wheat,31,36,36,28-28
28,71,57,Loamy,Sugarcane,18,30,35,Urea
28,45,52,Sandy,Maize,38,31,41,28-28
30,59,64,Loamy,Paddy,34,14,31,DAP
37,59,39,Loamy,Paddy,20,60,40,14-35-14
25,72,45,Red,Wheat,11,36,39,Urea
25,33,33,Sandy,Sugarcane,42,11,32,DAP
32,81,34,Black,Cotton,36,38,42,28-28
25,34,35,Black,Cotton,20,44,65,10-26-26
33,61,72,Loamy,Wheat,18,21,25,Urea
40,72,67,Loamy,Paddy,38,64,31,14-35-14
27,85,50,Black,Cotton,38,31,19,MOP
18,40,71,Loamy,Sugarcane,34,46,19,MOP
33,60,84,Sandy,Cotton,37,37,58,10-26-26
36,58,61,Clayey,Cotton,32,45,73,10-26-26
26,84,76,Black,Paddy,21,25,38,Urea
39,55,61,Clayey,Pulses,44,36,18,MOP
27,32,65,Sandy,Cotton,23,42,67,10-26-26
37,40,21,Sandy,Pulses,27,58,36,14-35-14
28,45,25,Sandy,Sugarcane,25,41,45,28-28
36,76,23,Loamy,Pulses,35,40,45,28-28
23,84,79,Black,Maize,40,15,40,DAP
30,50,65,Red,Paddy,50,16,38,DAP
40,43,29,Loamy,Maize,32,71,35,14-35-14
28,84,37,Clayey,Wheat,23,50,74,10-26-26
21,45,84,Clayey,Cotton,44,42,38,28-28
20,46,57,Sandy,Pulses,44,50,20,MOP
23,61,28,Red,Cotton,35,64,26,14-35-14
21,78,75,Clayey,Cotton,45,35,30,20-20
32,57,82,Clayey,Sugarcane,40,50,31,20-20
22,54,50,Clayey,Paddy,48,36,41,20-20
26,43,75,Sandy,Paddy,18,40,39,Urea
31,66,85,Red,Maize,22,43,77,10-26-26
33,67,45,Black,Cotton,46,39,12,MOP
24,45,69,Black,Wheat,39,34,69,10-26-26
23,52,24,Loamy,Pulses,34,47,17,MOP
22,69,53,Clayey,Cotton,43,19,37,DAP
24,51,68,Sandy,Pulses,36,65,27,14-35-14
26,43,46,Clayey,Maize,38,16,38,DAP
19,30,45,Loamy,Cotton,18,38,33,Urea
31,79,58,Red,Sugarcane,20,50,66,10-26-26
21,41,72,Black,Paddy,27,30,34,28-28
18,67,21,Sandy,Wheat,57,55,48,20-20
31,50,50,Black,Cotton,44,10,43,DAP
28,53,60,Clayey,Sugarcane,59,42,59,20-20
40,60,50,Loamy,Pulses,40,40,29,28-28
24,61,82,Sandy,Cotton,12,25,25,Urea
29,80,50,Clayey,Wheat,39,32,30,28-28
28,68,59,Clayey,Sugarcane,43,40,19,MOP
19,50,39,Loamy,Paddy,60,41,17,MOP
35,41,42,Black,Wheat,53,10,33,DAP
22,85,71,Black,Maize,12,29,32,Urea
40,72,66,Red,Wheat,27,58,20,14-35-14
18,83,59,Sandy,Sugarcane,40,33,72,10-26-26
25,82,67,Black,Sugarcane,59,43,11,MOP
34,85,78,Red,Sugarcane,10,31,40,Urea
40,69,75,Clayey,Maize,28,57,24,14-35-14
31,52,33,Red,Maize,52,16,46,DAP
33,37,61,Clayey,Maize,50,11,39,DAP
23,73,43,Black,Maize,40,44,67,10-26-26
32,34,76,Red,Cotton,15,32,31,Urea
37,31,75,Sandy,Sugarcane,60,42,49,20-20
18,64,24,Loamy,Paddy,19,34,40,Urea
40,69,68,Clayey,Maize,26,41,27,28-28
24,63,37,Black,Maize,53,50,34,20-20
24,73,25,Black,Sugarcane,26,41,62,10-26-26
20,73,66,Black,Wheat,25,42,26,28-28
36,38,52,Red,Pulses,33,40,31,20-20
26,41,71,Red,Paddy,32,30,31,28-28
19,37,63,Black,Sugarcane,47,58,47,20-20
19,64,28,Black,Cotton,53,60,58,20-20
26,69,81,Sandy,Maize,31,49,48,20-20
20,85,51,Loamy,Paddy,46,35,40,20-20
35,58,56,Loamy,Paddy,36,62,31,14-35-14
30,40,57,Black,Sugarcane,35,38,58,10-26-26
34,33,34,Red,Wheat,59,16,41,DAP
35,69,51,Clayey,Maize,40,77,34,14-35-14
40,48,32,Loamy,Wheat,35,15,46,DAP
32,40,52,Clayey,Pulses,38,40,43,20-20
36,42,35,Red,Wheat,30,57,40,14-35-14
22,37,79,Sandy,Paddy,32,30,74,10-26-26
38,55,76,Clayey,Cotton,37,16,31,DAP
19,41,22,Sandy,Wheat,36,39,40,28-28
39,30,84,Black,Wheat,21,22,22,Urea
34,46,45,Loamy,Cotton,20,69,36,14-35-14
39,55,31,Clayey,Maize,50,42,15,MOP
19,56,32,Red,Wheat,43,35,16,MOP
19,36,54,Sandy,Sugarcane,18,32,20,Urea
25,55,78,Clayey,Paddy,38,43,68,10-26-26
34,64,42,Sandy,Wheat,44,34,34,28-28
25,85,54,Loamy,Maize,53,11,50,DAP
22,61,83,Sandy,Pulses,59,43,18,MOP
18,46,62,Black,Pulses,56,60,44,20-20
28,73,40,Loamy,Pulses,35,26,30,28-28
26,31,60,Loamy,Maize,20,27,32,Urea
40,43,26,Black,Sugarcane,38,50,59,10-26-26
40,46,42,Red,Pulses,35,39,12,MOP
36,69,74,Clayey,Maize,47,30,31,20-20
24,68,32,Loamy,Maize,49,35,20,MOP
25,66,26,Black,Cotton,21,39,23,Urea
33,45,38,Red,Wheat,18,27,24,Urea
27,73,28,Black,Pulses,39,46,43,20-20
30,46,42,Sandy,Pulses,31,34,26,28-28
33,32,57,Loamy,Paddy,34,30,32,20-20
30,69,26,Clayey,Maize,22,22,29,Urea
18,85,28,Red,Sugarcane,22,33,76,10-26-26
27,73,76,Red,Sugarcane,42,16,43,DAP
33,63,44,Sandy,Pulses,45,42,30,28-28
34,77,39,Sandy,Cotton,21,35,65,10-26-26
27,48,20,Clayey,Paddy,16,26,22,Urea
32,65,77,Red,Maize,59,17,30,DAP
39,72,31,Clayey,Pulses,38,69,30,14-35-14
27,52,36,Black,Wheat,16,40,27,Urea
19,33,63,Red,Paddy,30,37,65,10-26-26
23,72,55,Loamy,Pulses,50,15,36,DAP
22,75,59,Black,Paddy,32,31,75,10-26-26
32,76,31,Sandy,Maize,24,42,66,10-26-26
26,37,26,Clayey,Sugarcane,37,32,10,MOP
36,85,27,Red,Wheat,25,27,26,Urea
18,30,32,Red,Wheat,38,44,73,10-26-26
18,35,38,Black,Pulses,44,50,20,MOP
22,38,21,Black,Cotton,38,80,31,14-35-14
30,65,61,Black,Cotton,25,32,38,Urea
21,68,50,Clayey,Maize,24,40,73,10-26-26
23,36,84,Loamy,Wheat,29,63,32,14-35-14
40,53,45,Sandy,Sugarcane,43,53,60,20-20
20,39,77,Black,Wheat,31,11,37,DAP
20,80,46,Loamy,Pulses,54,12,36,DAP
28,68,28,Sandy,Wheat,40,66,20,14-35-14
27,32,64,Red,Wheat,58,48,15,MOP
24,59,30,Loamy,Maize,29,31,32,28-28
31,82,57,Loamy,Pulses,26,64,36,14-35-14
40,55,70,Clayey,Paddy,49,10,38,DAP
27,64,27,Red,Sugarcane,49,30,20,MOP
30,42,36,Red,Pulses,15,38,31,Urea
38,61,44,Loamy,Cotton,40,40,80,10-26-26
38,78,59,Sandy,Sugarcane,60,17,47,DAP
39,30,78,Sandy,Paddy,13,36,31,Urea
30,64,49,Loamy,Cotton,21,31,60,10-26-26
30,79,27,Black,Sugarcane,17,37,21,Urea
21,61,39,Clayey,Paddy,41,19,39,DAP
35,36,34,Red,Cotton,21,29,22,Urea
21,48,38,Red,Paddy,46,59,31,20-20
36,40,28,Loamy,Wheat,36,49,79,10-26-26
29,33,83,Clayey,Paddy,33,34,62,10-26-26
23,64,42,Black,Paddy,42,26,25,28-28
26,65,34,Clayey,Maize,37,27,38,28-28
34,82,20,Black,Cotton,22,38,63,10-26-26
38,57,29,Loamy,Wheat,46,39,12,MOP
21,70,66,Sandy,Paddy,35,14,37,DAP
24,42,58,Red,Pulses,35,28,38,28-28
39,72,33,Red,Maize,17,33,37,Urea
18,64,52,Clayey,Sugarcane,30,39,76,10-26-26
37,30,39,Loamy,Maize,37,31,41,28-28
19,36,40,Sandy,Paddy,42,41,58,20-20
31,80,63,Red,Maize,14,27,25,Urea
20,76,47,Clayey,Pulses,31,72,37,14-35-14
23,62,36,Loamy,Paddy,23,67,27,14-35-14
28,48,39,Red,Sugarcane,30,49,72,10-26-26
29,76,42,Black,Pulses,48,10,45,DAP
32,55,74,Red,Maize,47,19,50,DAP
24,75,25,Clayey,Cotton,31,26,31,28-28
33,61,20,Clayey,Maize,39,32,28,28-28
21,65,39,Sandy,Paddy,23,77,21,14-35-14
25,55,74,Loamy,Maize,44,17,49,DAP
38,45,28,Black,Sugarcane,34,33,37,20-20
27,45,51,Sandy,Wheat,32,31,49,20-20
19,80,78,Sandy,Cotton,43,41,16,MOP
18,62,33,Clayey,Maize,33,40,47,20-20
33,68,41,Red,Maize,21,28,35,Urea
24,82,54,Red,Cotton,25,33,34,28-28
40,71,46,Black,Pulses,30,47,14,MOP
36,33,25,Sandy,Maize,45,29,27,28-28
33,65,37,Black,Sugarcane,38,44,76,10-26-26
34,48,34,Loamy,Maize,36,20,47,DAP
20,53,27,Clayey,Sugarcane,58,13,39,DAP
36,32,64,Loamy,Sugarcane,39,44,44,28-28
21,42,80,Sandy,Sugarcane,19,39,29,Urea
40,81,57,Loamy,Pulses,46,14,38,DAP
25,82,54,Black,Paddy,55,12,30,DAP
28,31,26,Red,Maize,37,35,16,MOP
23,56,65,Loamy,Pulses,20,69,36,14-35-14
28,72,21,Black,Cotton,58,16,42,DAP
27,46,55,Sandy,Maize,57,14,38,DAP
26,70,42,Loamy,Cotton,46,55,34,20-20
32,31,62,Loamy,Sugarcane,23,64,24,14-35-14
30,75,44,Red,Wheat,43,47,20,MOP
33,77,49,Red,Sugarcane,10,20,28,Urea
24,85,66,Red,Pulses,33,61,37,14-35-14
18,38,53,Sandy,Pulses,51,47,11,MOP
33,39,50,Sandy,Cotton,31,52,36,20-20
28,62,49,Black,Maize,40,62,37,14-35-14
30,76,42,Sandy,Pulses,37,43,68,10-26-26
31,62,47,Sandy,Cotton,40,38,17,MOP
18,77,30,Black,Paddy,23,43,61,10-26-26
39,57,41,Sandy,Wheat,33,37,32,28-28
34,60,22,Clayey,Maize,44,41,19,MOP
25,34,78,Red,Pulses,39,32,45,28-28
31,81,44,Sandy,Wheat,16,20,39,Urea
23,31,30,Black,Pulses,41,38,45,20-20
19,54,74,Black,Cotton,58,16,34,DAP
26,60,44,Loamy,Wheat,31,45,31,28-28
20,51,42,Red,Cotton,36,73,35,14-35-14
30,50,67,Sandy,Maize,35,31,40,20-20
32,43,24,Black,Wheat,55,19,30,DAP
36,56,71,Loamy,Pulses,37,37,16,MOP
24,71,45,Loamy,Sugarcane,35,27,32,28-28
20,56,22,Sandy,Wheat,14,34,32,Urea
22,47,39,Black,Sugarcane,23,32,34,Urea
40,50,34,Black,Paddy,46,48,20,MOP
25,57,71,Clayey,Maize,28,35,30,28-28
26,72,57,Red,Pulses,43,41,16,MOP
34,57,33,Sandy,Maize,22,79,32,14-35-14
30,41,49,Clayey,Sugarcane,42,55,34,20-20
24,58,21,Red,Paddy,42,11,47,DAP
28,50,63,Red,Sugarcane,20,45,70,10-26-26
36,77,65,Clayey,Paddy,55,47,18,MOP
19,36,84,Black,Paddy,24,36,76,10-26-26
32,40,47,Loamy,Maize,33,40,44,28-28
35,30,76,Sandy,Wheat,24,37,75,10-26-26
18,65,21,Loamy,Wheat,22,29,40,Urea
39,39,47,Red,Sugarcane,28,35,77,10-26-26
31,72,43,Sandy,Maize,35,35,30,28-28
24,62,27,Red,Sugarcane,20,28,22,Urea
24,62,37,Clayey,Wheat,24,42,58,10-26-26
20,60,34,Red,Paddy,38,39,59,10-26-26
26,56,26,Loamy,Paddy,32,39,36,28-28
22,84,44,Sandy,Pulses,44,40,25,28-28
18,42,22,Clayey,Cotton,54,35,60,20-20
30,34,49,Sandy,Sugarcane,39,35,60,10-26-26
23,47,53,Black,Sugarcane,20,33,56,10-26-26
23,49,76,Black,Paddy,32,45,19,MOP
31,57,43,Black,Maize,37,63,25,14-35-14
19,39,25,Sandy,Sugarcane,42,36,44,20-20
27,85,56,Clayey,Maize,29,45,25,28-28
19,71,59,Black,Pulses,31,33,38,28-28
32,47,30,Red,Pulses,22,67,24,14-35-14
18,65,37,Sandy,Cotton,15,23,23,Urea
40,74,42,Sandy,Pulses,45,44,39,28-28
32,37,31,Clayey,Cotton,27,79,26,14-35-14
31,43,34,Sandy,Maize,18,37,22,Urea
26,59,62,Clayey,Cotton,53,36,13,MOP
26,78,67,Black,Paddy,45,30,60,20-20
37,61,33,Loamy,Maize,20,33,21,Urea
37,43,26,Red,Cotton,58,34,30,20-20
28,66,73,Sandy,Paddy,34,41,17,MOP
27,79,36,Clayey,Wheat,59,49,13,MOP
24,51,30,Sandy,Wheat,26,79,40,14-35-14
31,65,78,Loamy,Sugarcane,32,56,42,20-20
22,64,20,Red,Sugarcane,17,35,35,Urea
19,62,43,Sandy,Paddy,24,60,20,14-35-14
20,82,85,Clayey,Wheat,47,34,16,MOP
39,53,24,Sandy,Wheat,58,18,46,DAP
29,44,33,Sandy,Cotton,28,37,30,28-28
29,74,79,Sandy,Pulses,39,32,27,28-28
34,56,63,Loamy,Cotton,27,28,38,28-28
20,79,65,Sandy,Cotton,26,28,34,28-28
24,72,27,Clayey,Maize,33,37,43,20-20
39,50,84,Red,Cotton,30,33,44,28-28
27,46,67,Red,Cotton,39,42,12,MOP
18,68,40,Loamy,Paddy,29,73,26,14-35-14
24,65,76,Clayey,Maize,20,28,30,Urea
36,33,84,Sandy,Maize,31,33,37,20-20
29,70,72,Red,Paddy,40,30,44,28-28
29,37,27,Red,Cotton,26,33,45,28-28
40,73,30,Clayey,Pulses,14,27,25,Urea
18,55,79,Loamy,Cotton,33,69,37,14-35-14
27,52,74,Sandy,Pulses,42,35,25,28-28
37,67,77,Loamy,Cotton,33,31,25,28-28
40,42,27,Clayey,Pulses,55,40,14,MOP
34,84,58,Black,Pulses,49,36,11,MOP
21,32,40,Black,Cotton,51,50,18,MOP
37,81,46,Sandy,Pulses,54,19,30,DAP
21,69,66,Loamy,Sugarcane,22,30,65,10-26-26
24,71,84,Red,Cotton,24,31,67,10-26-26
28,77,42,Loamy,Paddy,58,13,42,DAP
22,52,60,Clayey,Paddy,10,34,25,Urea
34,75,50,Black,Sugarcane,24,48,74,10-26-26
26,32,28,Black,Cotton,34,40,36,28-28
24,84,37,Loamy,Sugarcane,33,41,44,20-20
22,55,29,Clayey,Wheat,36,17,45,DAP
25,70,70,Clayey,Cotton,31,44,56,10-26-26
22,53,82,Clayey,Wheat,22,22,37,Urea
30,43,57,Black,Maize,41,15,34,DAP
28,30,78,Red,Sugarcane,58,18,48,DAP
22,73,64,Black,Cotton,22,34,37,Urea
21,80,77,Clayey,Pulses,59,20,30,DAP
29,85,25,Loamy,Pulses,34,53,59,20-20
28,52,44,Red,Sugarcane,52,18,46,DAP
18,37,69,Clayey,Wheat,54,16,50,DAP
37,38,26,Loamy,Cotton,52,15,32,DAP
40,45,51,Clayey,Cotton,32,15,37,DAP
20,46,52,Black,Sugarcane,30,45,26,28-28
26,63,35,Loamy,Wheat,25,41,69,10-26-26
26,69,56,Red,Wheat,47,34,14,MOP
39,30,39,Sandy,Cotton,25,32,30,28-28
29,61,23,Black,Paddy,47,38,32,20-20
40,48,72,Red,Cotton,34,38,33,28-28
21,85,20,Red,Pulses,40,39,10,MOP
33,54,24,Black,Pulses,35,32,61,10-26-26
23,46,48,Black,Sugarcane,15,27,36,Urea
37,79,29,Red,Pulses,34,38,42,28-28
30,40,73,Loamy,Sugarcane,55,11,40,DAP
28,66,72,Black,Wheat,33,42,13,MOP
33,34,65,Black,Cotton,55,32,11,MOP
32,82,59,Sandy,Maize,25,30,28,28-28
21,56,54,Red,Wheat,53,19,44,DAP
24,50,47,Red,Sugarcane,16,27,21,Urea
29,76,52,Sandy,Wheat,38,34,41,28-28
31,53,42,Red,Pulses,20,22,36,Urea
35,58,34,Loamy,Wheat,24,64,33,14-35-14
30,41,47,Red,Cotton,21,49,79,10-26-26
38,31,66,Red,Wheat,31,60,34,14-35-14
20,57,81,Red,Sugarcane,22,46,69,10-26-26
26,80,77,Loamy,Wheat,53,30,15,MOP
32,31,68,Clayey,Sugarcane,27,80,27,14-35-14
37,40,46,Black,Wheat,34,28,27,28-28
28,30,28,Sandy,Cotton,36,41,77,10-26-26
18,48,21,Red,Sugarcane,35,53,42,20-20
27,49,20,Black,Cotton,29,33,74,10-26-26
30,66,39,Black,Sugarcane,27,55,39,14-35-14
39,68,46,Clayey,Pulses,54,18,47,DAP
24,72,27,Red,Maize,39,12,39,DAP
37,70,72,Clayey,Paddy,22,32,73,10-26-26
31,47,70,Sandy,Pulses,30,28,31,28-28
26,75,42,Loamy,Maize,36,36,34,20-20
25,73,69,Clayey,Sugarcane,56,43,13,MOP
25,73,76,Clayey,Maize,30,38,79,10-26-26
34,79,39,Black,Maize,55,16,40,DAP
19,83,72,Sandy,Sugarcane,20,37,78,10-26-26
29,73,60,Clayey,Wheat,15,39,21,Urea
29,49,70,Clayey,Sugarcane,59,42,15,MOP
32,46,80,Black,Paddy,12,23,33,Urea
29,41,83,Black,Pulses,21,23,38,Urea
29,57,25,Clayey,Pulses,40,43,63,10-26-26
33,56,31,Clayey,Paddy,26,49,74,10-26-26
33,78,50,Red,Pulses,53,37,53,20-20
31,48,48,Red,Sugarcane,22,37,39,Urea
28,72,41,Clayey,Wheat,49,36,17,MOP
39,65,50,Sandy,Paddy,22,38,36,Urea
18,56,49,Sandy,Sugarcane,60,10,43,DAP
32,42,71,Red,Maize,25,34,68,10-26-26
34,48,24,Red,Maize,39,80,25,14-35-14
37,41,71,Black,Paddy,27,68,25,14-35-14
38,43,69,Clayey,Cotton,46,13,37,DAP
18,40,78,Red,Pulses,24,35,38,Urea
29,50,56,Clayey,Cotton,35,29,40,28-28
39,64,31,Clayey,Wheat,42,11,49,DAP
20,39,71,Loamy,Wheat,18,35,25,Urea
34,45,67,Sandy,Sugarcane,32,40,12,MOP
33,33,40,Sandy,Maize,42,30,41,28-28
38,30,80,Red,Cotton,39,16,44,DAP
40,52,54,Black,Cotton,21,55,22,14-35-14
37,53,27,Red,Maize,41,36,54,20-20
40,46,82,Loamy,Sugarcane,56,48,14,MOP
39,45,24,Sandy,Sugarcane,55,39,11,MOP
35,52,71,Clayey,Pulses,14,23,32,Urea
19,39,40,Sandy,Sugarcane,36,12,44,DAP
37,67,35,Clayey,Wheat,49,41,51,20-20
26,47,74,Sandy,Wheat,37,19,37,DAP
22,74,53,Loamy,Wheat,32,29,40,28-28
27,54,81,Clayey,Maize,39,32,30,28-28
25,65,46,Red,Wheat,34,40,33,28-28
31,66,46,Loamy,Maize,10,40,21,Urea
29,40,82,Black,Wheat,29,67,30,14-35-14
39,82,28,Black,Paddy,52,14,30,DAP
27,39,37,Sandy,Paddy,14,21,30,Urea
35,36,55,Black,Cotton,36,42,25,28-28
30,78,55,Loamy,Cotton,43,15,43,DAP
36,33,49,Loamy,Sugarcane,18,36,37,Urea
28,44,64,Clayey,Maize,35,35,50,20-20
18,54,55,Black,Paddy,45,20,37,DAP
38,74,68,Loamy,Cotton,16,35,24,Urea
27,57,37,Red,Paddy,53,41,16,MOP
23,33,75,Loamy,Wheat,25,56,35,14-35-14
20,42,54,Black,Sugarcane,22,55,34,14-35-14
33,41,26,Sandy,Paddy,55,56,38,20-20
39,73,38,Clayey,Pulses,32,41,18,MOP
18,61,81,Clayey,Sugarcane,34,45,32,28-28
25,76,22,Loamy,Wheat,32,38,28,28-28
32,67,22,Clayey,Sugarcane,16,35,33,Urea
19,44,79,Red,Wheat,44,34,10,MOP
35,33,36,Black,Sugarcane,37,37,64,10-26-26
29,59,52,Red,Cotton,40,20,35,DAP
18,73,75,Clayey,Cotton,58,30,11,MOP
37,65,47,Sandy,Wheat,24,30,63,10-26-26
19,66,84,Black,Paddy,33,11,38,DAP
31,51,40,Loamy,Pulses,51,11,38,DAP
32,79,55,Clayey,Paddy,32,33,29,28-28
20,48,48,Loamy,Cotton,38,42,13,MOP
39,37,77,Sandy,Paddy,41,33,33,28-28
26,60,44,Red,Paddy,50,45,35,20-20
37,32,41,Black,Sugarcane,12,33,29,Urea
36,39,58,Red,Pulses,36,69,37,14-35-14
24,61,27,Loamy,Wheat,36,58,22,14-35-14
21,42,52,Clayey,Maize,42,40,59,20-20
19,50,62,Loamy,Pulses,13,27,23,Urea
20,58,27,Red,Wheat,11,39,28,Urea
24,80,58,Red,Maize,23,40,33,Urea
20,58,36,Loamy,Sugarcane,42,17,46,DAP
28,67,85,Loamy,Wheat,48,41,17,MOP
22,82,80,Red,Maize,27,35,34,28-28
18,51,81,Black,Wheat,14,32,23,Urea
30,84,63,Red,Wheat,29,34,32,28-28
38,57,77,Red,Cotton,22,36,74,10-26-26
34,57,85,Black,Cotton,32,57,35,20-20
28,84,35,Red,Maize,44,42,45,28-28
39,72,52,Red,Wheat,44,42,28,28-28
24,81,61,Red,Wheat,36,36,25,28-28
36,44,73,Sandy,Sugarcane,34,57,23,14-35-14
26,61,27,Red,Sugarcane,41,20,30,DAP
19,51,36,Clayey,Sugarcane,26,27,43,28-28
18,41,85,Red,Paddy,25,65,29,14-35-14
32,60,42,Loamy,Paddy,49,33,30,20-20
25,42,84,Sandy,Wheat,48,40,37,20-20
35,50,59,Black,Wheat,40,71,23,14-35-14
27,35,42,Loamy,Wheat,38,70,31,14-35-14
30,59,85,Black,Sugarcane,47,51,34,20-20
22,71,60,Sandy,Pulses,36,48,18,MOP
37,76,32,Loamy,Maize,50,14,40,DAP
28,69,59,Loamy,Sugarcane,18,33,34,Urea
20,83,37,Black,Cotton,12,37,29,Urea
19,37,50,Loamy,Wheat,30,42,56,10-26-26
33,85,55,Loamy,Pulses,31,16,32,DAP
29,49,52,Black,Cotton,43,34,42,28-28
38,42,65,Sandy,Cotton,15,26,32,Urea
24,72,60,Clayey,Wheat,31,46,16,MOP
39,75,67,Loamy,Sugarcane,34,17,47,DAP
18,46,55,Clayey,Paddy,56,45,19,MOP
31,56,57,Sandy,Sugarcane,38,45,11,MOP
25,62,34,Clayey,Pulses,10,35,29,Urea
32,69,37,Loamy,Pulses,43,48,12,MOP
35,79,83,Black,Maize,52,59,36,20-20
18,62,24,Sandy,Cotton,43,18,30,DAP
28,47,51,Sandy,Paddy,12,20,33,Urea
18,84,64,Black,Wheat,27,28,26,28-28
23,31,66,Loamy,Pulses,13,31,25,Urea
34,30,60,Sandy,Pulses,32,19,33,DAP
35,51,58,Loamy,Paddy,34,43,58,20-20
24,84,70,Clayey,Paddy,25,39,28,Urea
29,76,62,Black,Cotton,14,25,23,Urea
37,62,50,Clayey,Sugarcane,34,34,30,20-20
34,51,63,Red,Sugarcane,30,36,37,28-28
26,45,33,Red,Maize,34,79,37,14-35-14
22,77,42,Sandy,Paddy,38,34,14,MOP
27,67,71,Clayey,Wheat,32,53,46,20-20
29,65,81,Black,Cotton,26,79,33,14-35-14
20,65,66,Sandy,Cotton,26,32,64,10-26-26
34,50,50,Sandy,Cotton,20,36,69,10-26-26
30,83,45,Red,Cotton,31,30,31,28-28
29,49,67,Loamy,Maize,40,13,46,DAP
27,60,35,Black,Wheat,24,20,33,Urea
25,36,40,Sandy,Cotton,50,46,13,MOP
31,85,62,Black,Pulses,26,34,73,10-26-26
20,48,54,Clayey,Maize,35,14,50,DAP
28,33,77,Loamy,Maize,35,47,68,10-26-26
24,64,60,Black,Paddy,30,35,19,MOP
35,36,28,Black,Paddy,35,59,21,14-35-14
22,52,76,Sandy,Maize,58,30,37,20-20
32,66,67,Clayey,Wheat,37,42,26,28-28
29,32,33,Sandy,Maize,17,32,29,Urea
22,35,73,Red,Cotton,25,74,37,14-35-14
29,39,57,Loamy,Pulses,24,24,28,Urea
37,76,74,Red,Cotton,32,49,11,MOP
20,51,33,Loamy,Maize,18,34,34,Urea
26,72,50,Sandy,Maize,34,57,35,14-35-14
32,36,78,Loamy,Sugarcane,38,17,41,DAP
22,64,70,Loamy,Cotton,40,61,31,14-35-14
23,47,82,Loamy,Pulses,26,57,32,14-35-14
39,76,75,Red,Paddy,49,42,15,MOP
30,30,32,Sandy,Cotton,32,65,25,14-35-14
40,70,70,Sandy,Sugarcane,21,70,20,14-35-14
21,63,69,Clayey,Cotton,14,20,38,Urea
38,59,51,Loamy,Maize,24,25,21,Urea
29,44,74,Sandy,Wheat,11,38,35,Urea
34,43,59,Clayey,Pulses,25,20,21,Urea
32,66,52,Sandy,Maize,16,40,32,Urea
24,42,54,Clayey,Cotton,43,15,39,DAP
23,38,35,Red,Wheat,18,40,37,Urea
23,72,30,Black,Wheat,32,65,31,14-35-14
32,59,25,Loamy,Sugarcane,31,46,55,10-26-26
28,51,50,Red,Paddy,17,32,24,Urea
23,79,76,Black,Pulses,18,34,21,Urea
28,71,48,Loamy,Cotton,36,41,13,MOP
31,49,33,Red,Pulses,36,37,13,MOP
36,31,57,Clayey,Maize,21,33,36,Urea
20,64,71,Clayey,Paddy,24,39,32,Urea
19,83,20,Loamy,Sugarcane,33,39,72,10-26-26
25,34,58,Loamy,Cotton,37,40,57,10-26-26
34,60,59,Sandy,Paddy,54,16,47,DAP
24,47,84,Red,Wheat,28,35,80,10-26-26
22,55,68,Red,Wheat,36,59,56,20-20
18,30,31,Loamy,Cotton,21,24,30,Urea
27,56,68,Clayey,Wheat,15,29,40,Urea
34,61,32,Red,Wheat,37,16,38,DAP
30,63,63,Clayey,Wheat,40,28,36,28-28
28,64,69,Clayey,Cotton,44,37,11,MOP
36,73,24,Sandy,Maize,21,73,25,14-35-14
24,56,46,Sandy,Paddy,20,38,36,Urea
24,85,39,Red,Maize,33,35,11,MOP
37,54,57,Clayey,Paddy,55,33,18,MOP
29,69,55,Clayey,Wheat,22,78,33,14-35-14
35,58,43,Loamy,Maize,21,27,37,Urea
25,55,31,Black,Wheat,53,18,33,DAP
24,43,25,Sandy,Wheat,19,20,22,Urea
21,77,59,Red,Sugarcane,43,28,31,28-28
31,42,80,Black,Pulses,26,74,33,14-35-14
30,67,77,Black,Pulses,20,67,36,14-35-14
25,68,83,Sandy,Cotton,45,31,46,20-20
28,83,36,Sandy,Maize,36,28,45,28-28
36,82,70,Clayey,Sugarcane,36,27,25,28-28
36,69,79,Red,Sugarcane,35,30,59,10-26-26
27,36,27,Black,Maize,56,39,12,MOP
38,61,65,Sandy,Paddy,43,38,39,20-20
35,60,28,Red,Sugarcane,53,10,39,DAP
29,37,56,Black,Wheat,14,38,26,Urea
30,47,32,Red,Sugarcane,25,32,79,10-26-26
30,32,80,Clayey,Cotton,10,24,29,Urea
35,67,45,Red,Paddy,24,57,38,14-35-14
22,47,20,Sandy,Cotton,22,21,38,Urea
28,77,62,Clayey,Pulses,27,50,76,10-26-26
34,36,61,Red,Maize,56,40,16,MOP
19,81,25,Clayey,Wheat,21,36,38,Urea
38,32,78,Red,Pulses,27,48,80,10-26-26
23,35,69,Red,Paddy,35,26,43,28-28
30,58,33,Clayey,Wheat,18,25,40,Urea
31,56,35,Sandy,Pulses,14,23,38,Urea
24,32,73,Black,Pulses,29,34,70,10-26-26
23,70,35,Black,Wheat,32,49,78,10-26-26
24,69,45,Loamy,Wheat,38,10,31,DAP
18,66,66,Loamy,Paddy,40,37,14,MOP
19,36,64,Loamy,Sugarcane,37,57,24,14-35-14
37,52,75,Sandy,Sugarcane,34,45,71,10-26-26
34,59,36,Red,Wheat,24,30,31,Urea
26,40,20,Clayey,Sugarcane,34,42,41,28-28
33,31,61,Clayey,Wheat,56,32,45,20-20
18,65,53,Clayey,Sugarcane,33,32,56,20-20
31,81,59,Black,Wheat,20,44,70,10-26-26
37,72,75,Black,Cotton,25,28,27,Urea
22,61,78,Sandy,Maize,45,27,38,28-28
31,63,32,Clayey,Cotton,52,45,15,MOP
32,69,24,Loamy,Maize,34,43,69,10-26-26
35,35,62,Sandy,Sugarcane,52,57,38,20-20
38,75,53,Red,Maize,59,50,10,MOP
37,78,58,Loamy,Cotton,24,72,36,14-35-14
21,43,21,Loamy,Pulses,40,31,40,28-28
36,49,34,Black,Maize,27,48,60,10-26-26
37,69,49,Red,Sugarcane,33,46,78,10-26-26
27,33,46,Clayey,Sugarcane,38,13,49,DAP
31,32,41,Sandy,Sugarcane,25,44,37,28-28
22,56,34,Loamy,Wheat,29,75,32,14-35-14
21,55,38,Black,Cotton,34,61,27,14-35-14
23,31,33,Black,Pulses,11,26,20,Urea
26,49,38,Clayey,Pulses,40,43,12,MOP
37,74,26,Clayey,Paddy,24,68,30,14-35-14
23,62,23,Black,Paddy,47,47,20,MOP
39,33,66,Black,Paddy,27,66,25,14-35-14
38,33,39,Black,Sugarcane,23,24,30,Urea
39,81,20,Loamy,Sugarcane,43,43,15,MOP
30,73,33,Loamy,Paddy,26,71,28,14-35-14
29,45,75,Sandy,Cotton,21,79,27,14-35-14
18,71,57,Sandy,Pulses,11,40,21,Urea
28,47,59,Black,Cotton,19,22,22,Urea
18,68,21,Sandy,Wheat,41,53,39,20-20
22,67,82,Black,Maize,51,13,37,DAP
18,32,58,Loamy,Maize,35,47,67,10-26-26
23,63,65,Sandy,Cotton,51,52,38,20-20
32,67,62,Sandy,Maize,34,32,37,28-28
30,78,37,Loamy,Paddy,39,31,80,10-26-26
39,53,32,Clayey,Maize,25,78,28,14-35-14
33,59,62,Red,Maize,20,63,25,14-35-14
28,82,84,Black,Paddy,30,36,62,10-26-26
18,45,76,Loamy,Sugarcane,27,37,74,10-26-26
31,35,29,Sandy,Paddy,16,22,22,Urea
23,47,34,Red,Maize,59,15,45,DAP
21,50,83,Loamy,Pulses,43,43,18,MOP
24,64,40,Black,Paddy,22,29,38,Urea
30,39,44,Sandy,Pulses,44,38,20,MOP
26,68,85,Red,Pulses,54,15,43,DAP
28,81,31,Clayey,Pulses,26,62,40,14-35-14
35,46,84,Loamy,Paddy,54,48,45,20-20
20,59,47,Red,Cotton,35,47,54,20-20
23,43,57,Red,Maize,44,36,32,28-28
18,78,50,Sandy,Paddy,37,64,40,14-35-14
19,45,41,Red,Cotton,44,15,49,DAP
35,51,33,Sandy,Wheat,36,43,39,28-28
29,41,62,Sandy,Cotton,41,28,26,28-28
21,44,85,Black,Sugarcane,33,59,40,20-20
39,78,40,Sandy,Wheat,36,30,57,20-20
31,73,45,Clayey,Paddy,42,13,31,DAP
25,74,46,Loamy,Sugarcane,59,45,13,MOP
28,70,30,Clayey,Wheat,28,36,30,28-28
37,62,49,Black,Sugarcane,32,49,12,MOP
20,64,63,Clayey,Maize,57,44,20,MOP
18,74,66,Sandy,Paddy,37,13,50,DAP
23,58,55,Loamy,Cotton,23,78,32,14-35-14
35,74,52,Clayey,Wheat,51,46,18,MOP
31,83,80,Clayey,Wheat,21,44,56,10-26-26
38,47,61,Sandy,Maize,22,78,36,14-35-14
30,82,77,Loamy,Wheat,33,56,37,20-20
23,45,65,Black,Sugarcane,32,31,44,20-20
25,33,57,Loamy,Maize,41,15,33,DAP
36,47,81,Black,Wheat,47,32,10,MOP
20,32,26,Sandy,Paddy,34,36,64,10-26-26
33,76,54,Loamy,Pulses,54,13,31,DAP
29,56,48,Black,Cotton,43,39,44,20-20
34,30,24,Sandy,Maize,58,47,19,MOP
22,45,33,Loamy,Paddy,33,49,14,MOP
18,38,48,Sandy,Sugarcane,45,59,52,20-20
23,38,54,Loamy,Wheat,39,47,35,20-20
33,55,81,Loamy,Cotton,33,37,58,10-26-26
35,63,24,Red,Maize,34,31,69,10-26-26
39,59,28,Red,Cotton,29,43,44,28-28
32,45,80,Sandy,Pulses,35,39,37,28-28
22,81,57,Red,Pulses,37,70,36,14-35-14
36,53,65,Sandy,Paddy,39,50,65,10-26-26
27,35,38,Loamy,Paddy,28,32,62,10-26-26
27,55,30,Loamy,Sugarcane,32,32,42,28-28
22,40,55,Sandy,Wheat,23,74,29,14-35-14
32,41,32,Red,Sugarcane,35,39,29,28-28
18,77,57,Loamy,Paddy,35,33,29,28-28
34,32,51,Clayey,Cotton,33,78,39,14-35-14
37,44,27,Black,Sugarcane,55,44,15,MOP
40,75,53,Black,Pulses,25,37,21,Urea
28,54,65,Loamy,Pulses,46,46,45,20-20
34,44,28,Red,Sugarcane,33,32,10,MOP
20,64,32,Black,Cotton,33,57,28,14-35-14
23,85,78,Clayey,Cotton,48,33,12,MOP
35,64,23,Red,Maize,34,37,74,10-26-26
29,51,50,Loamy,Wheat,21,21,30,Urea
37,83,26,Clayey,Pulses,23,25,38,Urea
28,42,54,Loamy,Sugarcane,51,60,34,20-20
19,82,36,Loamy,Cotton,52,60,37,20-20
23,41,84,Red,Paddy,25,44,36,28-28
32,72,84,Black,Wheat,52,49,18,MOP
18,32,63,Red,Paddy,40,66,24,14-35-14
33,51,46,Clayey,Maize,40,19,41,DAP
33,34,44,Black,Maize,42,36,30,28-28
37,65,43,Red,Wheat,58,18,49,DAP
40,70,43,Black,Cotton,39,11,45,DAP
29,73,24,Loamy,Wheat,46,38,42,20-20
33,45,42,Black,Sugarcane,48,34,17,MOP
34,40,46,Red,Sugarcane,41,42,12,MOP
33,83,77,Red,Cotton,40,38,31,28-28
34,48,77,Black,Paddy,56,15,33,DAP
22,38,40,Clayey,Paddy,22,37,72,10-26-26
31,41,37,Clayey,Maize,39,44,73,10-26-26
25,61,46,Clayey,Paddy,28,31,71,10-26-26
33,65,42,Black,Sugarcane,52,38,16,MOP
29,55,37,Red,Pulses,18,38,22,Urea
31,51,71,Clayey,Maize,45,45,51,20-20
23,84,20,Clayey,Sugarcane,20,33,29,Urea
40,73,54,Sandy,Pulses,47,34,11,MOP
32,65,56,Clayey,Sugarcane,20,23,23,Urea
40,82,21,Loamy,Paddy,15,40,22,Urea
39,77,66,Clayey,Wheat,29,72,20,14-35-14
33,82,36,Sandy,Pulses,52,47,18,MOP
18,32,34,Black,Cotton,34,56,38,14-35-14
31,83,83,Clayey,Sugarcane,25,33,35,28-28
31,83,25,Black,Paddy,40,42,49,20-20
19,62,31,Black,Pulses,40,35,49,20-20
37,30,64,Sandy,Paddy,22,61,37,14-35-14
33,82,32,Red,Paddy,32,66,34,14-35-14
36,79,24,Loamy,Sugarcane,28,64,21,14-35-14
27,56,52,Red,Maize,53,13,42,DAP
39,81,74,Red,Maize,45,12,50,DAP
19,50,48,Black,Cotton,32,70,39,14-35-14
39,42,79,Black,Cotton,32,38,73,10-26-26
22,70,27,Clayey,Pulses,54,12,48,DAP
29,64,66,Loamy,Cotton,59,43,54,20-20
30,72,25,Sandy,Pulses,11,26,24,Urea
25,66,60,Clayey,Paddy,40,73,20,14-35-14
21,33,78,Loamy,Paddy,22,63,37,14-35-14
31,30,37,Sandy,Paddy,42,30,44,28-28
25,68,69,Black,Maize,56,41,39,20-20
27,50,22,Loamy,Maize,19,34,33,Urea
19,59,32,Loamy,Pulses,20,49,71,10-26-26
38,60,49,Red,Pulses,56,35,57,20-20
25,80,34,Black,Wheat,38,72,37,14-35-14
21,71,79,Black,Maize,32,35,80,10-26-26
19,79,80,Sandy,Pulses,60,59,34,20-20
24,41,79,Loamy,Pulses,37,16,31,DAP
18,40,73,Sandy,Cotton,43,34,50,20-20
22,53,67,Sandy,Cotton,53,31,40,20-20
25,53,34,Loamy,Sugarcane,54,47,60,20-20
22,72,70,Red,Cotton,48,18,36,DAP
40,37,45,Clayey,Sugarcane,56,38,19,MOP
27,60,28,Black,Pulses,38,30,12,MOP
39,83,33,Red,Wheat,22,37,22,Urea
21,45,35,Black,Sugarcane,48,38,14,MOP
18,58,40,Clayey,Pulses,37,27,34,28-28
36,78,48,Sandy,Pulses,33,25,44,28-28
22,44,47,Sandy,Sugarcane,58,43,55,20-20
40,61,67,Loamy,Paddy,25,49,60,10-26-26
28,73,26,Black,Cotton,21,35,55,10-26-26
30,69,36,Loamy,Sugarcane,26,37,35,28-28
18,81,42,Sandy,Paddy,52,57,46,20-20
32,59,31,Black,Maize,37,66,26,14-35-14
39,62,56,Clayey,Paddy,56,36,39,20-20
33,77,53,Red,Maize,23,35,20,Urea
33,82,60,Loamy,Sugarcane,31,47,70,10-26-26
24,30,67,Clayey,Wheat,53,14,36,DAP
33,32,35,Clayey,Maize,58,59,55,20-20
21,70,25,Black,Wheat,53,31,60,20-20
28,58,48,Black,Wheat,36,34,16,MOP
37,71,73,Clayey,Sugarcane,33,36,31,20-20
26,67,27,Black,Paddy,52,51,45,20-20
27,59,26,Red,Sugarcane,32,63,38,14-35-14
24,78,54,Loamy,Wheat,20,66,27,14-35-14
24,65,61,Loamy,Pulses,27,49,59,10-26-26
28,34,47,Loamy,Sugarcane,31,47,11,MOP
29,32,36,Red,Maize,25,42,43,28-28
40,46,39,Loamy,Wheat,28,35,34,28-28
24,75,74,Clayey,Wheat,38,46,20,MOP
21,44,74,Clayey,Cotton,29,79,37,14-35-14
39,39,81,Clayey,Maize,35,37,20,MOP
20,61,66,Sandy,Wheat,37,33,14,MOP
31,75,43,Clayey,Cotton,57,14,35,DAP
39,83,63,Black,Pulses,20,20,39,Urea
36,75,77,Sandy,Wheat,22,36,38,Urea
36,30,23,Sandy,Paddy,40,45,57,10-26-26
34,50,56,Sandy,Sugarcane,34,10,31,DAP
21,79,82,Clayey,Pulses,58,10,31,DAP
23,70,78,Sandy,Maize,22,36,22,Urea
38,33,21,Black,Wheat,44,54,32,20-20
33,55,66,Sandy,Sugarcane,41,35,25,28-28
27,70,23,Red,Sugarcane,31,44,61,10-26-26
30,60,51,Clayey,Pulses,20,46,63,10-26-26
22,56,28,Loamy,Sugarcane,33,61,26,14-35-14
38,55,34,Sandy,Paddy,44,20,39,DAP
22,50,48,Red,Pulses,17,35,33,Urea
22,42,79,Clayey,Cotton,34,59,24,14-35-14
33,35,59,Loamy,Paddy,34,30,16,MOP
18,83,64,Loamy,Pulses,39,35,59,10-26-26
25,68,28,Red,Maize,43,32,40,28-28
19,80,83,Clayey,Paddy,14,24,31,Urea
33,72,45,Red,Cotton,22,70,37,14-35-14
18,52,68,Red,Cotton,19,30,36,Urea
31,53,50,Loamy,Wheat,34,46,57,10-26-26
33,71,67,Red,Paddy,46,46,16,MOP
25,73,33,Sandy,Wheat,42,26,42,28-28
36,49,22,Red,Wheat,36,50,70,10-26-26
30,48,67,Black,Maize,57,34,55,20-20
23,35,39,Red,Pulses,30,36,58,10-26-26
21,68,47,Loamy,Maize,50,50,12,MOP
37,37,32,Loamy,Paddy,14,23,29,Urea
22,65,31,Clayey,Cotton,41,44,52,20-20
28,72,58,Loamy,Cotton,30,14,50,DAP
33,37,43,Sandy,Cotton,36,61,34,14-35-14
25,64,40,Clayey,Cotton,58,44,19,MOP
30,72,47,Red,Wheat,36,49,20,MOP
18,61,37,Black,Pulses,43,37,40,28-28
35,76,54,Red,Maize,31,36,79,10-26-26
34,56,83,Red,Wheat,31,41,13,MOP
30,75,69,Red,Maize,32,31,32,28-28
22,47,71,Sandy,Paddy,25,61,26,14-35-14
28,70,56,Sandy,Sugarcane,49,14,46,DAP
33,63,48,Loamy,Wheat,44,50,47,20-20
40,83,31,Sandy,Wheat,31,45,18,MOP
20,70,24,Black,Pulses,27,38,67,10-26-26
28,32,65,Clayey,Pulses,41,31,11,MOP
30,43,76,Black,Maize,17,39,40,Urea
31,78,38,Clayey,Sugarcane,35,19,43,DAP
27,36,70,Loamy,Paddy,40,45,29,28-28
24,80,48,Red,Cotton,45,58,56,20-20
34,35,67,Sandy,Maize,41,47,15,MOP
38,52,60,Sandy,Cotton,29,36,40,28-28
19,80,46,Black,Pulses,14,21,22,Urea
28,37,32,Sandy,Cotton,58,40,12,MOP
35,65,54,Sandy,Wheat,24,45,60,10-26-26
39,78,68,Loamy,Paddy,35,45,33,28-28
29,59,31,Black,Wheat,39,41,13,MOP
25,49,49,Sandy,Maize,30,10,33,DAP
21,59,60,Red,Cotton,24,61,25,14-35-14
27,60,46,Red,Paddy,20,74,40,14-35-14
34,38,21,Clayey,Wheat,11,26,26,Urea
28,80,25,Sandy,Wheat,55,13,40,DAP
32,36,60,Black,Sugarcane,10,40,37,Urea
20,34,27,Loamy,Maize,48,30,57,20-20
21,32,38,Clayey,Sugarcane,42,47,32,20-20
29,82,58,Sandy,Cotton,20,73,25,14-35-14
18,73,84,Sandy,Sugarcane,33,39,33,28-28
39,63,73,Black,Pulses,29,61,26,14-35-14
20,78,85,Loamy,Wheat,49,32,13,MOP
18,61,40,Red,Maize,30,36,61,10-26-26
35,79,59,Black,Pulses,27,37,27,28-28
26,46,73,Loamy,Maize,32,36,20,MOP
18,38,53,Red,Cotton,45,38,14,MOP
26,62,79,Loamy,Paddy,34,60,30,14-35-14
18,45,25,Loamy,Maize,13,28,37,Urea
38,62,65,Black,Pulses,50,39,15,MOP
25,83,20,Sandy,Paddy,32,38,65,10-26-26
25,45,85,Loamy,Cotton,22,39,22,Urea
24,43,54,Loamy,Paddy,30,12,47,DAP
34,50,53,Clayey,Paddy,39,27,28,28-28
20,83,20,Black,Paddy,48,36,50,20-20
33,52,46,Black,Wheat,56,11,33,DAP
22,64,61,Black,Wheat,39,80,35,14-35-14
28,70,27,Clayey,Paddy,34,33,30,20-20
33,72,45,Clayey,Pulses,47,49,16,MOP
29,56,69,Clayey,Maize,45,40,39,28-28
38,59,82,Loamy,Paddy,39,46,15,MOP
21,68,52,Clayey,Pulses,29,67,26,14-35-14
18,76,47,Red,Paddy,30,69,25,14-35-14
18,33,35,Sandy,Wheat,32,38,35,28-28
22,56,47,Loamy,Maize,38,41,41,20-20
36,85,57,Black,Paddy,47,19,39,DAP
30,85,27,Black,Cotton,11,30,34,Urea
23,81,20,Red,Paddy,36,10,40,DAP
27,50,24,Clayey,Cotton,34,62,30,14-35-14
37,39,74,Sandy,Sugarcane,34,77,33,14-35-14
35,37,70,Sandy,Sugarcane,32,41,44,28-28
37,68,45,Sandy,Paddy,42,14,32,DAP
34,35,42,Sandy,Maize,32,14,42,DAP
28,46,40,Red,Maize,38,16,35,DAP
19,39,44,Sandy,Maize,23,32,32,Urea
40,35,36,Clayey,Cotton,59,35,39,20-20
34,75,34,Sandy,Maize,22,75,37,14-35-14
21,83,20,Clayey,Cotton,33,40,77,10-26-26
24,49,35,Clayey,Pulses,52,48,33,20-20
28,55,68,Loamy,Pulses,58,57,45,20-20
24,70,40,Red,Cotton,25,34,23,Urea
31,60,64,Black,Paddy,32,60,36,20-20
29,62,45,Sandy,Pulses,37,35,51,20-20
23,85,33,Red,Sugarcane,60,44,53,20-20
38,62,68,Black,Pulses,31,44,59,10-26-26
24,78,32,Clayey,Sugarcane,20,67,22,14-35-14
23,58,28,Black,Cotton,48,37,10,MOP
26,60,81,Loamy,Pulses,40,38,40,28-28
33,36,51,Red,Paddy,42,47,50,20-20
21,43,38,Loamy,Cotton,21,64,27,14-35-14
24,51,45,Clayey,Paddy,15,27,25,Urea
33,65,80,Loamy,Sugarcane,47,56,55,20-20
23,44,24,Red,Pulses,39,32,37,28-28
34,70,43,Sandy,Pulses,45,40,45,28-28
27,75,76,Loamy,Sugarcane,34,44,17,MOP
37,35,63,Black,Maize,56,12,45,DAP
28,84,22,Loamy,Sugarcane,20,74,27,14-35-14
18,37,20,Sandy,Maize,32,49,12,MOP
21,38,30,Sandy,Paddy,30,60,36,14-35-14
34,78,60,Loamy,Pulses,23,72,40,14-35-14
28,37,55,Black,Sugarcane,20,44,66,10-26-26
20,46,58,Loamy,Cotton,25,69,30,14-35-14
38,79,32,Clayey,Wheat,52,10,36,DAP
22,75,65,Black,Cotton,43,20,39,DAP
25,69,28,Black,Pulses,39,54,59,20-20
25,53,53,Clayey,Paddy,46,38,40,20-20
34,70,67,Loamy,Maize,41,44,11,MOP
33,48,62,Sandy,Cotton,51,20,35,DAP
25,34,72,Red,Sugarcane,33,46,20,MOP
24,53,27,Black,Maize,43,26,26,28-28
39,34,44,Loamy,Paddy,35,40,31,28-28
23,83,57,Clayey,Maize,32,36,71,10-26-26
39,30,70,Clayey,Pulses,47,46,59,20-20
28,84,71,Clayey,Cotton,34,31,17,MOP
28,75,46,Loamy,Cotton,15,29,21,Urea
33,81,76,Clayey,Sugarcane,25,68,30,14-35-14
34,37,73,Red,Maize,45,37,10,MOP
30,42,80,Loamy,Wheat,35,42,44,28-28
28,67,61,Black,Pulses,38,35,59,20-20
30,53,33,Black,Pulses,40,36,14,MOP
23,43,35,Red,Pulses,25,27,39,Urea
39,36,27,Sandy,Cotton,39,33,15,MOP
36,68,31,Sandy,Paddy,39,35,30,28-28
27,55,36,Sandy,Pulses,44,48,14,MOP
30,36,81,Sandy,Pulses,43,19,42,DAP
20,47,84,Clayey,Sugarcane,22,36,30,Urea
40,54,66,Clayey,Paddy,48,36,10,MOP
27,43,68,Red,Maize,57,40,50,20-20
31,81,75,Sandy,Pulses,60,40,15,MOP
32,42,36,Clayey,Paddy,38,38,15,MOP
38,80,37,Sandy,Paddy,23,36,23,Urea
35,32,35,Sandy,Cotton,38,79,28,14-35-14
31,66,29,Red,Wheat,43,45,35,28-28
31,77,55,Clayey,Pulses,40,42,48,20-20
20,41,53,Clayey,Pulses,48,41,12,MOP
29,43,51,Black,Wheat,30,49,19,MOP
27,74,31,Red,Cotton,28,61,21,14-35-14
39,52,20,Clayey,Maize,36,34,30,20-20
21,81,50,Clayey,Wheat,10,31,36,Urea
40,59,37,Red,Maize,53,58,44,20-20
21,49,46,Black,Maize,26,48,78,10-26-26
26,65,66,Black,Paddy,42,25,28,28-28
37,65,85,Red,Maize,11,30,36,Urea
34,58,80,Sandy,Paddy,24,32,63,10-26-26
39,66,26,Clayey,Pulses,27,36,32,28-28
32,51,75,Black,Wheat,52,13,48,DAP
34,63,41,Loamy,Paddy,56,51,47,20-20
28,78,39,Sandy,Wheat,35,32,31,20-20
24,82,27,Black,Pulses,35,33,20,MOP
26,80,53,Sandy,Paddy,36,32,44,28-28
27,84,56,Loamy,Pulses,44,17,43,DAP
35,33,27,Sandy,Cotton,21,68,39,14-35-14
35,32,29,Black,Paddy,36,42,39,28-28
28,52,66,Sandy,Wheat,44,20,46,DAP
27,50,69,Red,Maize,24,20,32,Urea
33,31,29,Red,Sugarcane,40,31,51,20-20
36,62,81,Clayey,Wheat,22,66,22,14-35-14
22,46,26,Black,Sugarcane,40,13,33,DAP
29,72,48,Sandy,Maize,17,20,40,Urea
38,61,55,Loamy,Cotton,20,31,65,10-26-26
19,81,55,Sandy,Maize,44,35,14,MOP
25,35,40,Red,Cotton,45,33,11,MOP
33,59,85,Sandy,Wheat,37,80,25,14-35-14
18,30,28,Black,Wheat,48,32,49,20-20
31,56,84,Clayey,Pulses,33,39,49,20-20
27,59,81,Black,Sugarcane,54,20,38,DAP
35,80,69,Red,Paddy,33,60,43,20-20
26,35,65,Loamy,Pulses,54,50,15,MOP
28,56,20,Clayey,Pulses,33,20,50,DAP
29,38,76,Loamy,Cotton,54,11,32,DAP
24,47,69,Clayey,Paddy,40,13,46,DAP
28,79,23,Loamy,Cotton,14,36,38,Urea
26,61,63,Clayey,Maize,37,47,15,MOP
23,52,43,Sandy,Pulses,22,30,38,Urea
25,77,75,Red,Cotton,53,33,41,20-20
31,48,74,Red,Pulses,26,27,35,28-28
27,46,63,Clayey,Maize,31,48,16,MOP
35,78,23,Clayey,Sugarcane,40,29,32,28-28
22,66,24,Black,Sugarcane,52,15,37,DAP
30,49,41,Sandy,Wheat,49,59,34,20-20
26,85,72,Red,Sugarcane,47,10,33,DAP
27,41,54,Black,Sugarcane,32,39,15,MOP
18,54,33,Black,Sugarcane,43,35,30,28-28
20,42,25,Loamy,Pulses,48,60,38,20-20
26,36,52,Black,Pulses,51,56,43,20-20
27,34,52,Clayey,Cotton,18,23,34,Urea
22,63,50,Red,Maize,40,73,31,14-35-14
40,37,55,Clayey,Wheat,60,55,37,20-20
34,42,52,Loamy,Pulses,41,49,14,MOP
31,73,57,Red,Sugarcane,39,33,37,28-28
30,70,20,Red,Cotton,49,10,50,DAP
36,85,79,Clayey,Cotton,14,34,32,Urea
25,48,35,Loamy,Sugarcane,29,34,70,10-26-26
39,33,44,Black,Paddy,30,30,33,20-20
25,76,71,Sandy,Sugarcane,37,33,14,MOP
32,43,28,Black,Maize,30,56,36,14-35-14
33,75,73,Sandy,Maize,37,43,15,MOP
29,51,58,Sandy,Cotton,60,47,13,MOP
25,56,58,Clayey,Sugarcane,21,47,62,10-26-26
21,85,79,Loamy,Maize,39,18,45,DAP
35,77,26,Sandy,Maize,56,20,34,DAP
22,69,79,Sandy,Pulses,10,27,40,Urea
35,72,45,Clayey,Maize,17,35,30,Urea
30,44,52,Loamy,Wheat,25,60,21,14-35-14
39,34,81,Clayey,Paddy,33,78,39,14-35-14
20,31,71,Sandy,Pulses,28,36,37,28-28
20,56,40,Black,Paddy,49,58,57,20-20
29,32,81,Red,Cotton,48,41,49,20-20
30,46,57,Loamy,Pulses,22,25,20,Urea
19,70,54,Red,Paddy,15,39,33,Urea
38,52,71,Loamy,Sugarcane,49,44,45,20-20
22,56,84,Sandy,Pulses,54,31,53,20-20
39,81,48,Loamy,Wheat,40,33,20,MOP
28,69,83,Loamy,Sugarcane,25,36,59,10-26-26
40,73,75,Black,Maize,56,37,16,MOP
34,46,59,Loamy,Cotton,11,32,21,Urea
18,56,69,Sandy,Cotton,42,19,40,DAP
37,63,26,Loamy,Paddy,31,14,48,DAP
25,35,44,Loamy,Cotton,26,33,45,28-28
25,30,73,Red,Wheat,38,25,37,28-28
28,57,53,Loamy,Maize,25,41,55,10-26-26
36,83,36,Red,Pulses,24,48,58,10-26-26
36,36,76,Clayey,Sugarcane,47,17,33,DAP
25,55,41,Clayey,Maize,29,70,39,14-35-14
36,81,66,Sandy,Wheat,57,48,43,20-20
34,53,62,Clayey,Pulses,35,20,45,DAP
37,47,81,Black,Paddy,18,23,25,Urea
18,38,70,Loamy,Maize,40,64,32,14-35-14
21,78,23,Sandy,Paddy,32,36,58,20-20
23,70,71,Clayey,Wheat,24,35,25,Urea
37,60,36,Clayey,Paddy,34,41,65,10-26-26
23,64,57,Clayey,Sugarcane,45,48,58,20-20
25,65,52,Sandy,Cotton,36,27,35,28-28
22,30,64,Black,Wheat,30,15,31,DAP
33,59,74,Loamy,Pulses,32,31,74,10-26-26
38,84,35,Red,Pulses,57,36,14,MOP
18,64,25,Clayey,Sugarcane,40,32,28,28-28
37,68,22,Black,Cotton,37,40,36,20-20
21,31,81,Clayey,Wheat,20,33,55,10-26-26
40,44,26,Loamy,Maize,36,50,73,10-26-26
21,79,44,Black,Pulses,42,43,49,20-20
40,74,33,Red,Wheat,35,39,45,28-28
25,52,46,Loamy,Pulses,21,23,38,Urea
39,39,69,Clayey,Paddy,24,37,58,10-26-26
21,40,20,Red,Sugarcane,55,38,17,MOP
22,83,21,Loamy,Cotton,21,37,66,10-26-26
37,47,79,Sandy,Wheat,23,30,21,Urea
37,58,49,Black,Paddy,25,20,40,Urea
29,83,37,Sandy,Maize,42,45,44,28-28
40,71,45,Sandy,Sugarcane,32,19,35,DAP
23,51,49,Clayey,Cotton,38,25,30,28-28
40,75,67,Clayey,Wheat,28,72,22,14-35-14
39,34,85,Loamy,Sugarcane,18,32,33,Urea
27,64,56,Loamy,Sugarcane,24,22,29,Urea
34,56,73,Red,Maize,37,44,55,10-26-26
33,31,77,Red,Wheat,49,45,14,MOP
22,31,65,Sandy,Cotton,36,43,31,20-20
25,49,70,Black,Wheat,38,80,26,14-35-14
30,39,66,Loamy,Pulses,42,12,39,DAP
23,63,51,Clayey,Maize,43,29,32,28-28
23,66,54,Loamy,Maize,36,37,32,28-28
23,69,41,Clayey,Maize,48,35,16,MOP
39,70,80,Black,Cotton,36,30,45,28-28
22,52,28,Loamy,Sugarcane,52,41,10,MOP
40,38,46,Red,Cotton,41,43,34,28-28
29,65,45,Black,Maize,27,59,29,14-35-14
30,78,53,Black,Maize,50,51,52,20-20
39,66,52,Black,Pulses,30,77,23,14-35-14
28,30,29,Loamy,Maize,37,30,70,10-26-26
38,44,51,Sandy,Cotton,24,48,58,10-26-26
36,72,84,Red,Wheat,35,69,32,14-35-14
40,44,82,Clayey,Maize,36,32,40,28-28
26,71,38,Red,Sugarcane,39,39,15,MOP
34,76,49,Clayey,Cotton,26,41,75,10-26-26
22,52,49,Clayey,Maize,24,26,33,Urea
38,80,31,Red,Sugarcane,27,41,57,10-26-26
40,69,53,Red,Maize,32,55,55,20-20
37,30,31,Loamy,Paddy,40,47,62,10-26-26
23,46,48,Red,Cotton,47,30,53,20-20
19,38,79,Loamy,Pulses,51,42,17,MOP
27,62,54,Sandy,Paddy,28,30,66,10-26-26
36,52,25,Clayey,Paddy,39,28,28,28-28
18,73,34,Clayey,Pulses,45,36,16,MOP
36,79,59,Sandy,Paddy,42,50,31,20-20
33,85,52,Loamy,Cotton,10,28,34,Urea
28,79,57,Red,Cotton,44,39,39,28-28
22,36,42,Sandy,Pulses,28,29,42,28-28
37,55,68,Sandy,Maize,53,12,43,DAP
40,49,42,Sandy,Sugarcane,60,42,33,20-20
33,38,45,Clayey,Wheat,27,80,32,14-35-14
33,38,59,Sandy,Wheat,25,32,75,10-26-26
36,40,76,Clayey,Cotton,13,40,23,Urea
36,46,61,Sandy,Sugarcane,40,58,31,14-35-14
28,57,46,Clayey,Maize,30,62,20,14-35-14
32,85,61,Sandy,Sugarcane,36,25,43,28-28
19,79,71,Sandy,Pulses,42,16,45,DAP
27,80,44,Loamy,Maize,33,43,39,28-28
35,71,70,Loamy,Maize,37,31,62,10-26-26
27,46,41,Clayey,Wheat,54,47,40,20-20
40,62,59,Black,Cotton,22,25,33,Urea
25,39,23,Clayey,Paddy,12,31,23,Urea
30,33,32,Black,Wheat,53,11,35,DAP
27,52,73,Black,Paddy,45,32,48,20-20
26,57,78,Clayey,Sugarcane,17,38,22,Urea
40,51,73,Black,Sugarcane,42,43,28,28-28
36,40,55,Clayey,Paddy,35,44,78,10-26-26
37,45,20,Loamy,Cotton,31,45,38,20-20
18,62,41,Clayey,Cotton,44,42,36,28-28
35,42,41,Loamy,Pulses,12,20,24,Urea
40,30,53,Clayey,Maize,60,41,54,20-20
31,74,48,Sandy,Pulses,31,37,42,28-28
27,34,57,Loamy,Sugarcane,45,40,60,20-20
36,48,22,Clayey,Sugarcane,42,20,30,DAP
31,45,25,Black,Paddy,32,43,80,10-26-26
25,45,81,Red,Sugarcane,19,30,20,Urea
38,64,36,Clayey,Cotton,33,74,22,14-35-14
22,34,69,Sandy,Pulses,35,47,18,MOP
33,49,20,Black,Pulses,27,36,29,28-28
32,85,43,Loamy,Wheat,33,44,19,MOP
40,67,84,Red,Cotton,31,49,56,10-26-26
18,74,68,Clayey,Wheat,35,45,30,28-28
39,50,20,Loamy,Sugarcane,51,41,20,MOP
29,36,25,Sandy,Wheat,39,10,37,DAP
31,69,72,Loamy,Pulses,27,34,27,28-28
20,65,76,Sandy,Paddy,21,31,71,10-26-26
18,68,31,Clayey,Sugarcane,10,36,32,Urea
30,51,70,Black,Cotton,24,46,77,10-26-26
19,80,63,Loamy,Wheat,31,77,21,14-35-14
22,84,42,Black,Wheat,38,79,33,14-35-14
19,73,22,Black,Pulses,17,33,40,Urea
25,75,68,Black,Pulses,54,19,42,DAP
33,54,58,Clayey,Maize,35,26,31,28-28
21,33,83,Loamy,Sugarcane,32,37,15,MOP
38,84,61,Sandy,Pulses,54,33,17,MOP
37,63,51,Clayey,Cotton,27,31,43,28-28
28,78,55,Loamy,Sugarcane,40,20,42,DAP
35,41,27,Sandy,Cotton,40,40,29,28-28
33,33,47,Red,Sugarcane,58,60,45,20-20
39,33,29,Black,Wheat,49,19,35,DAP
31,30,20,Red,Wheat,37,42,60,10-26-26
34,43,29,Red,Maize,42,33,25,28-28
22,81,60,Black,Paddy,56,54,59,20-20
32,56,26,Red,Sugarcane,12,29,37,Urea
25,63,20,Red,Sugarcane,33,38,42,28-28
21,43,65,Sandy,Paddy,37,75,35,14-35-14
31,54,78,Red,Sugarcane,52,15,36,DAP
40,55,69,Clayey,Wheat,42,46,60,20-20
27,50,55,Red,Wheat,38,29,34,28-28
31,56,71,Black,Wheat,38,44,17,MOP
25,33,74,Red,Paddy,34,30,76,10-26-26
34,68,46,Red,Maize,27,62,27,14-35-14
21,37,35,Loamy,Sugarcane,40,16,32,DAP
31,39,43,Sandy,Maize,27,72,39,14-35-14
28,81,74,Red,Wheat,12,35,35,Urea
25,39,42,Black,Cotton,30,36,30,20-20
39,43,55,Black,Cotton,31,62,33,14-35-14
36,85,41,Sandy,Maize,31,49,11,MOP
30,32,75,Red,Paddy,20,31,35,Urea
20,83,22,Black,Paddy,59,35,15,MOP
29,31,85,Sandy,Paddy,25,35,60,10-26-26
39,65,68,Red,Cotton,41,34,54,20-20
35,42,59,Black,Wheat,18,23,22,Urea
22,64,28,Sandy,Wheat,21,44,55,10-26-26
30,34,47,Clayey,Sugarcane,53,34,10,MOP
32,62,81,Sandy,Paddy,20,34,34,Urea
25,67,51,Sandy,Paddy,22,36,27,Urea
25,38,49,Red,Cotton,44,44,25,28-28
35,31,21,Clayey,Wheat,37,15,39,DAP
21,41,83,Sandy,Wheat,18,31,21,Urea
19,74,80,Red,Cotton,30,59,24,14-35-14
30,64,76,Red,Pulses,10,23,28,Urea
24,47,69,Sandy,Maize,34,65,30,14-35-14
38,55,46,Black,Wheat,56,44,20,MOP
30,32,56,Sandy,Paddy,25,36,21,Urea
26,39,58,Black,Pulses,31,63,39,14-35-14
33,79,41,Loamy,Paddy,39,44,77,10-26-26
24,78,24,Loamy,Maize,45,38,26,28-28
34,62,37,Clayey,Wheat,58,35,15,MOP
32,85,43,Loamy,Sugarcane,40,30,59,10-26-26
22,67,45,Loamy,Sugarcane,30,38,39,28-28
37,82,34,Sandy,Sugarcane,58,33,37,20-20
19,33,84,Loamy,Cotton,22,38,76,10-26-26
26,69,42,Black,Sugarcane,21,67,27,14-35-14
24,85,26,Black,Wheat,41,17,32,DAP
30,55,47,Black,Maize,38,38,37,28-28
38,53,83,Sandy,Pulses,31,48,60,10-26-26
22,64,81,Black,Cotton,58,36,20,MOP
30,78,39,Clayey,Pulses,25,47,73,10-26-26
37,71,22,Clayey,Paddy,25,27,34,Urea
35,80,23,Sandy,Cotton,31,42,10,MOP
29,63,24,Clayey,Pulses,18,37,34,Urea
24,50,82,Sandy,Paddy,12,40,40,Urea
33,82,57,Loamy,Cotton,43,39,17,MOP
29,69,40,Loamy,Paddy,43,48,53,20-20
33,80,23,Black,Maize,44,34,34,20-20
29,66,76,Clayey,Sugarcane,34,31,61,10-26-26
19,77,26,Clayey,Wheat,21,30,64,10-26-26
19,71,66,Sandy,Pulses,32,41,37,28-28
18,38,78,Red,Cotton,33,71,34,14-35-14
27,82,72,Red,Paddy,31,80,30,14-35-14
25,59,44,Red,Cotton,31,42,26,28-28
28,85,47,Sandy,Sugarcane,21,32,68,10-26-26
24,55,40,Clayey,Paddy,38,70,39,14-35-14
25,75,46,Black,Paddy,34,43,33,28-28
33,84,26,Black,Paddy,39,16,33,DAP
37,47,34,Clayey,Wheat,23,49,74,10-26-26
35,82,61,Clayey,Maize,30,38,34,28-28
21,52,62,Loamy,Maize,41,57,60,20-20
22,64,51,Black,Pulses,28,34,60,10-26-26
24,59,20,Black,Paddy,26,69,32,14-35-14
32,37,58,Loamy,Wheat,25,45,40,28-28
27,70,31,Clayey,Wheat,27,46,68,10-26-26
36,58,81,Black,Sugarcane,39,44,68,10-26-26
36,64,48,Red,Sugarcane,28,65,20,14-35-14
18,70,65,Sandy,Pulses,28,37,28,28-28
38,63,63,Black,Cotton,42,33,18,MOP
24,36,85,Loamy,Paddy,39,42,39,28-28
21,64,71,Black,Maize,33,75,23,14-35-14
31,53,51,Clayey,Cotton,25,45,44,28-28
23,58,56,Loamy,Sugarcane,41,40,43,28-28
35,65,71,Loamy,Paddy,37,48,60,10-26-26
26,60,36,Red,Cotton,46,11,42,DAP
29,67,74,Black,Pulses,33,45,10,MOP
37,59,34,Red,Pulses,28,72,36,14-35-14
36,49,69,Clayey,Pulses,37,65,22,14-35-14
23,60,42,Sandy,Pulses,42,30,16,MOP
40,77,67,Clayey,Cotton,37,58,26,14-35-14
34,79,43,Red,Pulses,31,67,25,14-35-14
39,42,71,Sandy,Paddy,32,32,71,10-26-26
26,61,84,Black,Maize,58,47,59,20-20
29,78,50,Clayey,Wheat,33,48,20,MOP
25,33,69,Sandy,Cotton,47,47,15,MOP
21,45,71,Clayey,Maize,32,65,24,14-35-14
38,60,85,Loamy,Wheat,27,59,23,14-35-14
18,45,53,Black,Maize,33,78,25,14-35-14
35,54,49,Sandy,Maize,40,79,38,14-35-14
28,59,62,Sandy,Pulses,40,29,26,28-28
23,75,24,Black,Cotton,36,64,25,14-35-14
39,44,61,Clayey,Sugarcane,25,64,25,14-35-14
40,83,50,Black,Sugarcane,22,71,37,14-35-14
38,38,50,Red,Sugarcane,35,49,59,10-26-26
35,83,50,Clayey,Paddy,29,39,74,10-26-26
24,85,60,Clayey,Pulses,28,55,30,14-35-14
20,59,70,Black,Pulses,37,39,27,28-28
29,49,48,Sandy,Wheat,43,34,37,28-28
36,46,75,Red,Maize,25,43,36,28-28
27,32,27,Black,Maize,39,46,74,10-26-26
32,40,56,Clayey,Cotton,35,33,37,28-28
21,72,72,Loamy,Sugarcane,50,45,20,MOP
33,44,47,Sandy,Pulses,44,48,16,MOP
40,67,57,Clayey,Maize,43,34,30,20-20
31,47,80,Clayey,Paddy,25,28,29,28-28
32,84,67,Red,Wheat,54,19,47,DAP
36,37,61,Red,Wheat,45,31,11,MOP
23,31,62,Sandy,Wheat,40,14,49,DAP
40,50,61,Clayey,Paddy,38,33,37,28-28
27,64,58,Sandy,Paddy,41,49,55,20-20
19,48,23,Clayey,Pulses,36,63,20,14-35-14
36,65,26,Loamy,Maize,21,32,58,10-26-26
29,56,27,Black,Paddy,32,40,29,28-28
18,79,70,Clayey,Wheat,45,46,48,20-20
21,82,44,Red,Cotton,36,20,38,DAP
26,41,44,Sandy,Pulses,37,34,56,20-20
26,73,85,Loamy,Sugarcane,33,19,35,DAP
31,50,64,Black,Maize,39,46,31,20-20
27,79,72,Red,Sugarcane,32,34,76,10-26-26
39,46,40,Loamy,Cotton,59,44,16,MOP
40,64,58,Loamy,Wheat,30,25,32,28-28
27,50,56,Red,Maize,38,59,39,14-35-14
29,65,24,Loamy,Maize,48,14,36,DAP
31,84,40,Red,Pulses,36,38,80,10-26-26
38,34,55,Sandy,Cotton,33,41,44,28-28
26,84,78,Sandy,Cotton,15,23,20,Urea
21,70,21,Black,Sugarcane,34,36,32,20-20
34,39,25,Red,Pulses,46,20,45,DAP
27,67,22,Black,Pulses,39,74,36,14-35-14
40,38,29,Red,Sugarcane,58,45,10,MOP
18,72,54,Clayey,Paddy,53,36,18,MOP
38,38,39,Black,Cotton,35,30,76,10-26-26
26,59,72,Clayey,Wheat,33,42,80,10-26-26
26,50,70,Clayey,Paddy,32,62,32,14-35-14
33,65,39,Black,Wheat,49,38,19,MOP
32,39,39,Sandy,Sugarcane,38,41,55,10-26-26
30,50,32,Red,Cotton,42,41,26,28-28
31,57,69,Clayey,Sugarcane,49,36,44,20-20
39,60,23,Red,Pulses,10,29,28,Urea
18,41,44,Clayey,Pulses,46,20,43,DAP
21,36,24,Sandy,Cotton,55,40,19,MOP
24,71,22,Loamy,Cotton,58,34,14,MOP
28,39,50,Clayey,Paddy,51,16,42,DAP
27,34,78,Sandy,Maize,40,31,15,MOP
36,53,84,Red,Wheat,26,38,29,28-28
21,43,31,Red,Sugarcane,20,71,26,14-35-14
29,80,64,Loamy,Wheat,58,59,36,20-20
36,80,36,Clayey,Paddy,30,37,64,10-26-26
31,51,73,Black,Sugarcane,37,39,10,MOP
22,34,84,Red,Wheat,45,34,43,28-28
35,61,27,Clayey,Cotton,43,36,28,28-28
37,37,84,Clayey,Cotton,57,32,17,MOP
28,65,34,Sandy,Cotton,39,50,73,10-26-26
40,32,54,Black,Paddy,59,59,32,20-20
30,40,26,Clayey,Pulses,26,37,72,10-26-26
23,40,75,Black,Cotton,44,32,10,MOP
30,31,42,Loamy,Wheat,28,29,28,28-28
39,33,65,Red,Maize,52,39,12,MOP
24,64,82,Loamy,Sugarcane,13,32,23,Urea
27,48,31,Black,Paddy,48,47,12,MOP
33,79,83,Loamy,Sugarcane,35,47,71,10-26-26
36,81,50,Black,Paddy,24,32,78,10-26-26
18,78,35,Loamy,Wheat,37,13,31,DAP
36,55,34,Sandy,Pulses,41,15,40,DAP
37,72,66,Sandy,Paddy,42,55,54,20-20
21,49,42,Red,Wheat,60,42,47,20-20
35,65,21,Black,Paddy,42,54,59,20-20
30,30,77,Sandy,Pulses,58,40,12,MOP
28,51,57,Clayey,Pulses,38,42,28,28-28
38,69,49,Black,Wheat,24,23,36,Urea
33,76,49,Red,Wheat,20,39,35,Urea
35,61,20,Clayey,Sugarcane,41,58,43,20-20
25,62,59,Red,Pulses,11,21,33,Urea
21,58,21,Clayey,Pulses,47,36,33,20-20
31,74,27,Clayey,Pulses,12,35,26,Urea
28,76,49,Loamy,Sugarcane,31,37,66,10-26-26
26,43,53,Loamy,Maize,27,39,55,10-26-26
35,54,84,Red,Cotton,49,14,43,DAP
30,44,24,Loamy,Pulses,11,31,27,Urea
23,76,80,Clayey,Wheat,49,16,32,DAP
20,54,74,Clayey,Pulses,25,34,76,10-26-26
23,52,26,Loamy,Cotton,48,19,47,DAP
23,77,61,Loamy,Sugarcane,44,19,40,DAP
40,45,29,Loamy,Paddy,22,49,61,10-26-26
40,85,42,Clayey,Cotton,52,33,33,20-20
30,51,62,Red,Maize,51,56,44,20-20
19,74,61,Black,Pulses,29,77,27,14-35-14
18,70,70,Black,Wheat,46,36,12,MOP
39,43,46,Black,Paddy,53,35,59,20-20
40,44,48,Red,Maize,32,71,28,14-35-14
39,35,78,Black,Sugarcane,42,20,31,DAP
39,41,54,Loamy,Sugarcane,28,34,35,28-28
18,72,20,Black,Sugarcane,36,42,35,28-28
32,80,47,Black,Cotton,12,33,40,Urea
28,54,29,Loamy,Paddy,38,45,39,28-28
25,58,81,Loamy,Paddy,11,26,31,Urea
27,69,33,Black,Sugarcane,30,56,47,20-20
40,36,67,Loamy,Pulses,48,49,53,20-20
31,42,56,Red,Paddy,58,15,46,DAP
18,33,35,Sandy,Wheat,42,15,31,DAP
36,36,80,Sandy,Sugarcane,16,33,39,Urea
26,38,21,Black,Sugarcane,30,46,18,MOP
22,36,66,Loamy,Wheat,16,38,23,Urea
20,85,46,Clayey,Pulses,39,34,35,28-28
39,39,44,Loamy,Wheat,50,39,14,MOP
34,64,41,Red,Cotton,59,30,53,20-20
30,71,56,Black,Cotton,51,35,16,MOP
36,38,28,Clayey,Paddy,57,19,37,DAP
25,70,49,Loamy,Cotton,39,42,67,10-26-26
36,34,58,Loamy,Paddy,32,40,11,MOP
36,51,70,Sandy,Sugarcane,34,44,77,10-26-26
19,72,66,Sandy,Paddy,22,32,22,Urea
30,71,41,Black,Maize,26,44,56,10-26-26
39,38,59,Red,Paddy,53,58,59,20-20
26,71,38,Clayey,Maize,29,59,31,14-35-14
23,63,56,Red,Cotton,31,41,77,10-26-26
37,75,34,Loamy,Paddy,29,58,38,14-35-14
35,63,57,Loamy,Paddy,58,13,45,DAP
19,46,56,Loamy,Paddy,44,30,31,28-28
22,44,84,Clayey,Wheat,54,44,17,MOP
28,58,21,Red,Wheat,39,25,32,28-28
32,62,49,Red,Sugarcane,13,37,21,Urea
25,44,21,Clayey,Paddy,55,48,35,20-20
38,34,57,Clayey,Sugarcane,28,28,38,28-28
28,74,37,Sandy,Maize,12,29,28,Urea
18,81,44,Black,Maize,24,37,20,Urea
31,54,82,Red,Wheat,22,36,69,10-26-26
30,70,25,Clayey,Maize,57,44,11,MOP
18,68,31,Black,Cotton,20,37,67,10-26-26
37,39,27,Clayey,Maize,35,39,54,20-20
32,67,24,Clayey,Sugarcane,56,34,54,20-20
18,44,74,Clayey,Pulses,33,44,68,10-26-26
39,54,64,Black,Paddy,25,29,25,28-28
29,85,67,Loamy,Cotton,18,24,30,Urea
33,60,63,Loamy,Pulses,39,33,17,MOP
21,49,72,Clayey,Sugarcane,32,59,26,14-35-14
34,61,58,Red,Paddy,20,63,25,14-35-14
21,74,50,Clayey,Wheat,37,63,23,14-35-14
30,68,67,Black,Cotton,32,37,40,28-28
20,56,52,Clayey,Maize,25,32,30,Urea
20,83,28,Red,Cotton,38,34,25,28-28
27,84,62,Clayey,Paddy,33,49,11,MOP
32,32,84,Sandy,Wheat,34,75,24,14-35-14
40,74,82,Sandy,Sugarcane,27,35,34,28-28
18,49,61,Red,Paddy,40,31,20,MOP
23,38,59,Loamy,Pulses,36,33,67,10-26-26
27,31,26,Black,Paddy,26,56,32,14-35-14
19,33,56,Red,Paddy,43,25,28,28-28
27,64,80,Clayey,Paddy,33,18,34,DAP
18,77,33,Black,Maize,20,25,25,Urea
35,68,82,Red,Maize,34,33,30,28-28
22,77,38,Sandy,Wheat,32,34,55,20-20
36,32,65,Black,Maize,28,29,25,28-28
27,55,65,Clayey,Sugarcane,33,34,58,20-20
40,63,55,Sandy,Sugarcane,47,16,38,DAP
39,54,43,Black,Maize,44,42,10,MOP
20,77,25,Clayey,Wheat,12,21,27,Urea
29,67,50,Black,Sugarcane,37,11,44,DAP
38,54,42,Clayey,Paddy,30,44,54,20-20
19,35,44,Loamy,Wheat,33,35,56,20-20
37,82,23,Black,Paddy,29,69,29,14-35-14
25,81,68,Black,Sugarcane,24,38,60,10-26-26
25,76,50,Red,Paddy,58,32,10,MOP
29,37,57,Sandy,Paddy,36,31,77,10-26-26
36,73,85,Sandy,Cotton,13,29,33,Urea
18,55,30,Loamy,Paddy,23,55,29,14-35-14
25,65,33,Red,Maize,32,15,39,DAP
31,70,58,Clayey,Paddy,21,76,37,14-35-14
20,73,35,Loamy,Cotton,38,17,31,DAP
33,69,56,Clayey,Cotton,30,41,70,10-26-26
21,30,48,Loamy,Wheat,30,59,50,20-20
31,80,63,Clayey,Sugarcane,55,41,58,20-20
30,82,44,Black,Sugarcane,27,76,22,14-35-14
34,34,68,Black,Maize,38,36,15,MOP
